id,date,store_nbr,item_nbr,unit_sales,onpromotion
0,2013-01-01,25,103665,7.0,
1,2013-01-01,25,105574,1.0,
2,2013-01-01,25,105575,2.0,
3,2013-01-01,25,108079,1.0,
4,2013-01-01,25,108701,1.0,
5,2013-01-01,25,108786,3.0,
6,2013-01-01,25,108797,1.0,
7,2013-01-01,25,108952,1.0,
8,2013-01-01,25,111397,13.0,
9,2013-01-01,25,114790,3.0,
10,2013-01-01,25,114800,1.0,
11,2013-01-01,25,115267,1.0,
12,2013-01-01,25,115611,1.0,
13,2013-01-01,25,115693,1.0,
14,2013-01-01,25,115720,5.0,
15,2013-01-01,25,115850,1.0,
16,2013-01-01,25,115891,6.0,
17,2013-01-01,25,115892,10.0,
18,2013-01-01,25,115894,5.0,