StockCode,text
22423,Regency Cakestand 3 Tier
85123A,White Hanging Heart T-Light Holder
85099B,Jumbo Bag Red Retrospot
47566,Party Bunting
84879,Assorted Colour Bird Ornament
22086,Paper Chain Kit 50'S Christmas
79321,Chilli Lights
23166,Medium Ceramic Top Storage Jar
22197,Small Popcorn Holder
22386,Jumbo Bag Pink Polkadot
84347,Rotating Silver Angels T-Light Hldr
20725,Lunch Bag Red Retrospot
21137,Black Record Cover Frame
85099F,Jumbo Bag Strawberry
20685,Doormat Red Retrospot
48138,Doormat Union Flag
23084,Rabbit Night Light
21843,Red Retrospot Cake Stand
22114,Hot Water Bottle Tea And Sympathy
82484,Wood Black Board Ant White Finish
21931,Jumbo Storage Bag Suki
22910,Paper Chain Kit Vintage Christmas
22502,Picnic Basket Wicker Small
22112,Chocolate Hot Water Bottle
21621,Vintage Union Jack Bunting
85099C,Jumbo Bag Baroque Black White
15056N,Edwardian Parasol Natural
22411,Jumbo Shopper Vintage Red Paisley
22470,Heart Of Wicker Large
22189,Cream Heart Card Holder
20914,Set/5 Red Retrospot Lid Glass Bowls
22178,Victorian Glass Hanging T-Light
22139,Retrospot Tea Set Ceramic 11 Pc
21212,Pack Of 72 Retrospot Cake Cases
22111,Scottie Dog Hot Water Bottle
21623,Vintage Union Jack Memoboard
21733,Red Hanging Heart T-Light Holder
84946,Antique Silver Tea Glass Etched
22469,Heart Of Wicker Small
21181,Please One Person Metal Sign
21232,Strawberry Ceramic Trinket Box
22090,Paper Bunting Retrospot
21929,Jumbo Bag Pink Vintage Paisley
48194,Doormat Hearts
21731,Red Toadstool Led Night Light
22457,Natural Slate Heart Chalkboard
15056BL,Edwardian Parasol Black
21754,Home Building Block Word
84029E,Red Woolly Hottie White Heart.
48187,Doormat New England
21523,Doormat Fancy Font Home Sweet Home
21928,Jumbo Bag Scandinavian Paisley
22355,Charlotte Bag Suki Design
71477,Colour Glass. Star T-Light Holder
20727,Lunch Bag Black Skull.
48185,Doormat Fairy Cake
22138,Baking Set 9 Piece Retrospot
22326,Round Snack Boxes Set Of4 Woodland
21915,Red Harmonica In Box
82494L,Wooden Frame Antique White
21175,Gin + Tonic Diet Metal Sign
22383,Lunch Bag Suki Design
84078A,Set/4 White Retro Storage Cubes
23298,Spotty Bunting
20728,Lunch Bag Cars Blue
82482,Wooden Picture Frame White Finish
23203,Jumbo Bag Vintage Doily
20713,Jumbo Bag Owls
22083,Paper Chain Kit Retrospot
22328,Round Snack Boxes Set Of 4 Fruits
84997D,Pink 3 Piece Mini Dots Cutlery Set
22960,Jam Making Set With Jars
85066,Cream Sweetheart Mini Chest
82486,Wood S/3 Cabinet Ant White Finish
22699,Roses Regency Teacup And Saucer
20726,Lunch Bag Woodland
21485,Retrospot Heart Hot Water Bottle
22629,Spaceboy Lunch Box
21166,Cook With Wine Metal Sign
23284,Doormat Keep Calm And Come In
22720,Set Of 3 Cake Tins Pantry Design
20712,Jumbo Bag Woodland Animals
22727,Alarm Clock Bakelike Red
21524,Doormat Spotty Home Sweet Home
21755,Love Building Block Word
20724,Red Retrospot Charlotte Bag
22379,Recycling Bag Retrospot
84997B,Red 3 Piece Mini Dots Cutlery Set
21479,White Skull Hot Water Bottle
22384,Lunch Bag Pink Polkadot
22666,Recipe Box Pantry Yellow Design
22382,Lunch Bag Spaceboy Design
22630,Dolly Girl Lunch Box
22726,Alarm Clock Bakelike Green
22865,Hand Warmer Owl Design
22188,Black Heart Card Holder
15036,Assorted Colours Silk Fan
84997C,Blue 3 Piece Mini Dots Cutlery Set
22385,Jumbo Bag Spaceboy Design
22077,6 Ribbons Rustic Charm
22622,Box Of Vintage Alphabet Blocks
85152,Hand Over The Chocolate Sign
84029G,Knitted Union Flag Hot Water Bottle
48184,Doormat English Rose
22697,Green Regency Teacup And Saucer
22659,Lunch Box I Love London
23245,Set Of 3 Regency Cake Tins
85014B,Red Retrospot Umbrella
22501,Picnic Basket Wicker Large
22752,Set 7 Babushka Nesting Boxes
20679,Edwardian Parasol Red
22158,3 Hearts Hanging Decoration Rustic
21217,Red Retrospot Round Cake Tins
23199,Jumbo Bag Apples
22866,Hand Warmer Scotty Dog Design
82483,Wood 2 Drawer Cabinet White Finish
47590B,Pink Happy Birthday Bunting
22867,Hand Warmer Bird Design
22467,Gumball Coat Rack
22492,Mini Paint Set Vintage
20971,Pink Blue Felt Craft Trinket Box
23355,Hot Water Bottle Keep Calm
48188,Doormat Welcome Puppies
84978,Hanging Heart Jar T-Light Holder
22835,Hot Water Bottle I Am So Poorly
82583,Hot Baths Metal Sign
21977,Pack Of 60 Pink Paisley Cake Cases
20719,Woodland Charlotte Bag
22961,Jam Making Set Printed
22624,Ivory Kitchen Scales
21930,Jumbo Storage Bag Skulls
72741,Grand Chocolatecandle
23201,Jumbo Bag Alphabet
20750,Red Retrospot Mini Cases
84991,60 Teatime Fairy Cake Cases
71459,Hanging Jam Jar T-Light Holder
22734,Set Of 6 Ribbons Vintage Christmas
21481,Fawn Blue Hot Water Bottle
22149,Feltcraft 6 Flower Friends
22507,Memo Board Retrospot Design
48111,Doormat 3 Smiley Cats
22551,Plasters In Tin Spaceboy
82600,No Singing Metal Sign
20711,Jumbo Bag Toys
21080,Set/20 Red Retrospot Paper Napkins
47566B,Tea Time Party Bunting
21108,Fairy Cake Flannel Assorted Colour
21527,Red Retrospot Traditional Teapot
22087,Paper Bunting White Lace
22084,Paper Chain Kit Empire
84755,Colour Glass T-Light Holder Hanging
37503,Tea Time Cake Stand In Gift Box
21314,Small Glass Heart Trinket Pot
84077,World War 2 Gliders Asstd Designs
20972,Pink Cream Felt Craft Trinket Box
23173,Regency Teapot Roses
22728,Alarm Clock Bakelike Pink
84836,Zinc Metal Heart Decoration
21231,Sweetheart Ceramic Trinket Box
47590A,Blue Happy Birthday Bunting
22722,Set Of 6 Spice Tins Pantry Design
22698,Pink Regency Teacup And Saucer
22171,3 Hook Photo Shelf Antique White
21258,Victorian Sewing Box Large
21790,Vintage Snap Cards
22625,Red Kitchen Scales
21955,Doormat Union Jack Guns And Roses
21791,Vintage Heads And Tails Card Game
84406B,Cream Cupid Hearts Coat Hanger
23344,Jumbo Bag 50'S Christmas
22605,Wooden Croquet Garden Set
23243,Set Of Tea Coffee Sugar Tins Pantry
48173C,Doormat Black Flock
22554,Plasters In Tin Woodland Animals
22113,Grey Heart Hot Water Bottle
22607,Wooden Rounders Garden Set
22585,Pack Of 6 Birdy Gift Tags
21936,Red Retrospot Picnic Bag
20749,Assorted Colour Mini Cases
37449,Ceramic Cake Stand + Hanging Cakes
22556,Plasters In Tin Circus Parade
22941,Christmas Lights 10 Reindeer
22969,Homemade Jam Scented Candles
22632,Hand Warmer Red Retrospot
84970S,Hanging Heart Zinc T-Light Holder
85014A,Black/Blue Polkadot Umbrella
21210,Set Of 72 Retrospot Paper Doilies
22499,Wooden Union Jack Bunting
22456,Natural Slate Chalkboard Large
23202,Jumbo Bag Vintage Leaf
85048,15Cm Christmas Glass Ball 20 Lights
21213,Pack Of 72 Skull Cake Cases
22570,Feltcraft Cushion Rabbit
23209,Lunch Bag Vintage Doily
22424,Enamel Bread Bin Cream
22356,Charlotte Bag Pink Polkadot
22294,Heart Filigree Dove Small
22617,Baking Set Spaceboy Design
21218,Red Spotty Biscuit Tin
22568,Feltcraft Cushion Owl
22569,Feltcraft Cushion Butterfly
23206,Lunch Bag Apple Design
48116,Doormat Multicolour Stripe
21559,Strawberry Lunch Box With Cutlery
20723,Strawberry Charlotte Bag
85150,Ladies & Gentlemen Metal Sign
22900,Set 2 Tea Towels I Love London
21216,"Set 3 Retrospot Tea,Coffee,Sugar"
22693,Grow A Flytrap Or Sunflower In Tin
22273,Feltcraft Doll Molly
21622,Vintage Union Jack Cushion Cover
22558,Clothes Pegs Retrospot Pack 24
22381,Toy Tidy Pink Polkadot
22413,Metal Sign Take It Or Leave It
22169,Family Album White Picture Frame
21174,Pottering In The Shed Metal Sign
22952,60 Cake Cases Vintage Christmas
48129,Doormat Topiary
22561,Wooden School Colouring Set
71053,White Metal Lantern
84997A,Green 3 Piece Mini Dots Cutlery Set
22633,Hand Warmer Union Jack
84949,Silver Hanging T-Light Holder
21340,Classic Metal Birdcage Plant Holder
21908,Chocolate This Way Metal Sign
22427,Enamel Flower Jug Cream
22041,"Record Frame 7"" Single Size"
22061,Large Cake Stand Hanging Strawbery
22555,Plasters In Tin Strongman
84947,Antique Silver Tea Glass Engraved
21484,Chick Grey Hot Water Bottle
21035,Set/2 Red Retrospot Tea Towels
21121,Set/10 Red Polkadot Party Candles
22847,Bread Bin Diner Style Ivory
22837,Hot Water Bottle Babushka
84945,Multi Colour Silver T-Light Holder
21430,Set/3 Red Gingham Rose Storage Box
22147,Feltcraft Butterfly Hearts
22505,Memo Board Cottage Design
22560,Traditional Modelling Clay
21914,Blue Harmonica In Box
22654,Deluxe Sewing Kit
22352,Lunch Box With Cutlery Retrospot
22776,Sweetheart Cakestand 3 Tier
22297,Heart Ivory Trellis Small
79323W,White Cherry Lights
22557,Plasters In Tin Vintage Paisley
20718,Red Retrospot Shopper Bag
21136,Painted Metal Pears Assorted
47591D,Pink Fairy Cake Childrens Apron
21889,Wooden Box Of Dominoes
84992,72 Sweetheart Fairy Cake Cases
21156,Retrospot Childrens Apron
84467,English Rose Design Quilted Throw
22366,Doormat Airmail
84970L,Single Heart Zinc T-Light Holder
22652,Travel Sewing Kit
35004C,Set Of 3 Coloured Flying Ducks
23240,Set Of 4 Knick Knack Tins Doily
21533,Retro Spot Large Milk Jug
21535,Red Retrospot Small Milk Jug
21164,Home Sweet Home Metal Sign
72760B,Vintage Cream 3 Basket Cake Stand
22487,White Wood Garden Plant Ladder
22191,Ivory Diner Wall Clock
22993,Set Of 4 Pantry Jelly Moulds
84375,Set Of 20 Kids Cookie Cutters
21155,Red Retrospot Peg Bag
22296,Heart Ivory Trellis Large
22662,Lunch Bag Dolly Girl Design
23301,Gardeners Kneeling Pad Keep Calm
22193,Red Diner Wall Clock
22634,Childs Breakfast Set Spaceboy
22619,Set Of 6 Soldier Skittles
22759,Set Of 3 Notebooks In Parcel
22635,Childs Breakfast Set Dolly Girl
21877,Home Sweet Home Mug
22367,Childrens Apron Spaceboy Design
22940,Feltcraft Christmas Fairy
22692,Doormat Welcome To Our Home
22690,Doormat Home Sweet Home Blue
22170,Picture Frame Wood Triple Portrait
22333,Retrospot Party Bag + Sticker Set
23313,Vintage Christmas Bunting
22749,Feltcraft Princess Charlotte Doll
22173,Metal 4 Hook Hanger French Chateau
22909,Set Of 20 Vintage Christmas Napkins
21891,Traditional Wooden Skipping Rope
21094,Set/6 Red Spotty Paper Plates
84378,Set Of 3 Heart Cookie Cutters
22730,Alarm Clock Bakelike Ivory
21844,Red Retrospot Mug
22365,Doormat Respectable House
22946,Wooden Advent Calendar Cream
85232B,Set/3 Russian Doll Stacking Tins
82582,Area Patrolled Metal Sign
21122,Set/10 Pink Polkadot Party Candles
84050,Pink Heart Shape Egg Frying Pan
21975,Pack Of 60 Dinosaur Cake Cases
21165,Beware Of The Cat Metal Sign
35970,Zinc Folkart Sleigh Bells
22606,Wooden Skittles Garden Set
21912,Vintage Snakes & Ladders
22179,Set 10 Lights Night Owl
17003,Brocade Ring Purse
22150,3 Stripey Mice Feltcraft
21770,Open Closed Metal Sign
22485,Set Of 2 Wooden Market Crates
21380,Wooden Happy Birthday Garland
21259,Victorian Sewing Box Small
21672,White Spot Red Ceramic Drawer Knob
21257,Victorian Sewing Box Medium
22804,Candleholder Pink Hanging Heart
22295,Heart Filigree Dove Large
21169,You'Re Confusing Me Metal Sign
22627,Mint Kitchen Scales
84380,Set Of 3 Butterfly Cookie Cutters
20748,Kensington Coffee Set
22444,Grow Your Own Plant In A Can
22271,Feltcraft Doll Rosie
22109,Full English Breakfast Plate
21098,Christmas Toilet Roll
23200,Jumbo Bag Pears
21888,Bingo Set
22236,Cake Stand 3 Tier Magic Garden
21669,Blue Stripe Ceramic Drawer Knob
22667,Recipe Box Retrospot
35400,Wooden Box Advent Calendar
21668,Red Stripe Ceramic Drawer Knob
23343,Jumbo Bag Vintage Christmas
21871,Save The Planet Mug
22621,Traditional Knitting Nancy
21539,Red Retrospot Butter Dish
22636,Childs Breakfast Set Circus Parade
79323P,Pink Cherry Lights
22846,Bread Bin Diner Style Red
22207,Frying Pan Union Flag
23077,Doughnut Lip Gloss
47556B,Tea Time Tea Towels
21390,Filigris Heart With Butterfly
22198,Large Popcorn Holder
22838,3 Tier Cake Tin Red And Cream
21673,White Spot Blue Ceramic Drawer Knob
22553,Plasters In Tin Skulls
23356,Love Hot Water Bottle
22584,Pack Of 6 Pannetone Gift Boxes
22580,Advent Calendar Gingham Sack
23207,Lunch Bag Alphabet Design
21935,Suki Shoulder Bag
21704,Bag 250G Swirly Marbles
20676,Red Retrospot Bowl
23108,Set Of 10 Led Dolly Lights
23328,Set 6 School Milk Bottles In Crate
22464,Hanging Metal Heart Lantern
22646,Ceramic Strawberry Cake Money Bank
15044A,Pink Paper Parasol
22766,Photo Frame Cornice
75049L,Large Circular Mirror Mobile
21906,Pharmacie First Aid Tin
22655,Vintage Red Kitchen Cabinet
22947,Wooden Advent Calendar Red
22088,Paper Bunting Coloured Lace
84988,Set Of 72 Pink Heart Paper Doilies
22144,Christmas Craft Little Friends
22834,Hand Warmer Babushka Design
22943,Christmas Lights 10 Vintage Baubles
22616,Pack Of 12 London Tissues
22303,Coffee Mug Apples Design
22623,Box Of Vintage Jigsaw Blocks
22082,Ribbon Reel Stripes Design
22301,Coffee Mug Cat + Bird Design
15056P,Edwardian Parasol Pink
21671,Red Spot Ceramic Drawer Knob
62018,Sombrero
22631,Circus Parade Lunch Box
23174,Regency Sugar Bowl Green
22791,T-Light Glass Fluted Antique
20969,Red Floral Feltcraft Shoulder Bag
22192,Blue Diner Wall Clock
21670,Blue Spot Ceramic Drawer Knob
22729,Alarm Clock Bakelike Orange
20975,12 Pencils Small Tube Red Retrospot
21124,Set/10 Blue Spotty Party Candles
85042,Antique Lily Fairy Lights
22750,Feltcraft Princess Lola Doll
21937,Strawberry Picnic Bag
21154,Red Retrospot Oven Glove
22968,Rose Cottage Keepsake Box
21787,Rain Poncho Retrospot
21428,Set3 Book Box Green Gingham Flower
21242,Red Retrospot Plate
21326,Aged Glass Silver T-Light Holder
84212,"Assorted Flower Colour ""Leis"""
22243,5 Hook Hanger Red Magic Toadstool
22637,Piggy Bank Retrospot
84987,Set Of 36 Teatime Paper Doilies
47567B,Tea Time Kitchen Apron
22488,Natural Slate Rectangle Chalkboard
22468,Babushka Lights String Of 10
22844,Vintage Cream Dog Food Container
21260,First Aid Tin
23300,Gardeners Kneeling Pad Cup Of Tea
22508,Doorstop Retrospot Heart
21429,Red Gingham Rose Jewellery Box
22649,Strawberry Fairy Cake Teapot
22151,Place Setting White Heart
22988,Soldiers Egg Cup
22795,Sweetheart Recipe Book Stand
22740,Polkadot Pen
37370,Retro Coffee Mugs Assorted
22694,Wicker Star
22663,Jumbo Bag Dolly Girl Design
21735,Two Door Curio Cabinet
21172,Party Metal Sign
22768,Family Photo Frame Cornice
22950,36 Doilies Vintage Christmas
21868,Potting Shed Tea Mug
47599A,Pink Party Bags
22620,4 Traditional Spinning Tops
21922,Union Stripe With Fringe Hammock
22130,Party Cone Christmas Decoration
72351B,Set/6 Pink Butterfly T-Lights
22417,Pack Of 60 Spaceboy Cake Cases
21833,Camouflage Led Torch
22812,Pack 3 Boxes Christmas Pannetone
23170,Regency Tea Plate Roses
20828,Glitter Butterfly Clips
21907,I'M On Holiday Metal Sign
22174,Photo Cube
21498,Red Retrospot Wrap
22904,Calendar Paper Cut Design
21749,Large Red Retrospot Windmill
21558,Skull Lunch Box With Cutlery
22595,Gingham Heart Decoration
22274,Feltcraft Doll Emily
22668,Pink Baby Bunting
21086,Set/6 Red Spotty Paper Cups
22466,Fairy Tale Cottage Nightlight
22418,10 Colour Spaceboy Pen
22064,Pink Doughnut Trinket Pot
21624,Vintage Union Jack Doorstop
22348,Tea Bag Plate Red Retrospot
21890,S/6 Wooden Skittles In Cotton Bag
21974,Set Of 36 Paisley Flower Doilies
82001S,Vinyl Record Frame Silver
22725,Alarm Clock Bakelike Chocolate
22349,Dog Bowl Chasing Ball Design
20754,Retrospot Red Washing Up Gloves
22645,Ceramic Heart Fairy Cake Money Bank
21982,Pack Of 12 Suki Tissues
22302,Coffee Mug Pears Design
22966,Gingerbread Man Cookie Cutter
22771,Clear Drawer Knob Acrylic Edwardian
23208,Lunch Bag Vintage Leaf Design
22120,Welcome Wooden Block Letters
22180,Retrospot Lamp
22748,Poppy'S Playhouse Kitchen
20682,Red Retrospot Childrens Umbrella
22992,Revolver Wooden Ruler
21892,Traditional Wooden Catch Cup Game
21781,Ma Campagne Cutlery Box
20979,36 Pencils Tube Red Retrospot
21531,Red Retrospot Sugar Jam Bowl
22089,Paper Bunting Vintage Paisley
21756,Bath Building Block Word
22840,Round Cake Tin Vintage Red
84880,White Wire Egg Holder
22380,Toy Tidy Spaceboy
21488,Red White Scarf Hot Water Bottle
84792,Enchanted Bird Coathanger 5 Hook
21033,Jumbo Bag Charlie And Lola Toys
22970,London Bus Coffee Mug
22300,Coffee Mug Dog + Ball Design
22429,Enamel Measuring Jug Cream
22327,Round Snack Boxes Set Of 4 Skulls
22131,Food Container Set 3 Love Heart
23171,Regency Tea Plate Green
22745,Poppy'S Playhouse Bedroom
79000,Moroccan Tea Glass
22549,Picture Dominoes
23076,Ice Cream Sundae Lip Gloss
20677,Pink Polkadot Bowl
22942,Christmas Lights 10 Santas
20829,Glitter Hanging Butterfly String
22665,Recipe Box Blue Sketchbook Design
16014,Small Chinese Style Scissor
47570B,Tea Time Table Cloth
35961,Folkart Zinc Heart Christmas Dec
22767,Triple Photo Frame Cornice
82552,Washroom Metal Sign
20970,Pink Floral Feltcraft Shoulder Bag
84030E,English Rose Hot Water Bottle
23175,Regency Milk Jug Pink
22978,Pantry Rolling Pin
22121,Noel Wooden Block Letters
21716,Boys Vintage Tin Seaside Bucket
84692,Box Of 24 Cocktail Parasols
21385,Ivory Hanging Decoration Heart
22072,Red Retrospot Tea Cup And Saucer
21658,Glass Beurre Dish
22195,Large Heart Measuring Spoons
22357,Kings Choice Biscuit Tin
22219,Lovebird Hanging Decoration White
84032A,Charlie+Lola Pink Hot Water Bottle
22839,3 Tier Cake Tin Green And Cream
21745,Gaolers Keys Decorative Garden
21243,Pink Polkadot Plate
21041,Red Retrospot Oven Glove Double
22656,Vintage Blue Kitchen Cabinet
23319,Box Of 6 Mini 50'S Crackers
22110,Bird House Hot Water Bottle
22141,Christmas Craft Tree Top Angel
22244,3 Hook Hanger Magic Garden
22741,Funky Diva Pen
21777,Recipe Box With Metal Heart
20747,Piccadilly Tea Set
22371,Airline Bag Vintage Tokyo 78
21933,Pink Vintage Paisley Picnic Bag
51008,Afghan Slipper Sock Pair
23318,Box Of 6 Mini Vintage Crackers
23080,Red Metal Box Top Secret
21985,Pack Of 12 Hearts Design Tissues
21715,Girls Vintage Tin Seaside Bucket
22989,Set 2 Pantry Design Tea Towels
23439,Hand Warmer Red Love Heart
23322,Large White Heart Of Wicker
22215,Cake Stand White Two Tier Lace
21042,Red Retrospot Apron
20974,12 Pencils Small Tube Skull
22212,Four Hook White Lovebirds
84839,Sweetheart Key Cabinet
22895,Set Of 2 Tea Towels Apple And Pears
85049E,Scandinavian Reds Ribbons
21135,Victorian Metal Postcard Spring
22751,Feltcraft Princess Olivia Doll
21980,Pack Of 12 Red Retrospot Tissues
22283,6 Egg House Painted Wood
23256,Childrens Cutlery Spaceboy
72807C,Set/3 Vanilla Scented Candle In Box
21381,Mini Wooden Happy Birthday Garland
22073,Red Retrospot Storage Jar
23534,Wall Art Stop For Tea
22078,Ribbon Reel Lace Design
23082,Set 6 Paper Table Lantern Hearts
22354,Retrospot Padded Seat Cushion
21769,Vintage Post Office Cabinet
22358,Kings Choice Tea Caddy
23078,Ice Cream Pen Lip Gloss
22079,Ribbon Reel Hearts Design
21932,Scandinavian Paisley Picnic Bag
21186,White Dove Honeycomb Paper Garland
21411,Gingham Heart Doorstop Red
23493,Vintage Doily Travel Sewing Kit
48189,Door Mat Friendship
79323LP,Light Pink Cherry Lights
23321,Small White Heart Of Wicker
23535,Wall Art Bicycle Safety
22329,Round Container Set Of 5 Retrospot
21244,Blue Polkadot Plate
21874,Gin And Tonic Mug
22275,Weekend Bag Vintage Rose Paisley
22628,Picnic Boxes Set Of 3 Retrospot
21934,Skull Shoulder Bag
22689,Doormat Merry Christmas Red
22738,Ribbon Reel Snowy Village
85049A,Traditional Christmas Ribbons
85067,Cream Sweetheart Wall Cabinet
85064,Cream Sweetheart Letter Rack
21238,Red Retrospot Cup
84032B,Charlie + Lola Red Hot Water Bottle
22504,Cabin Bag Vintage Retrospot
22796,Photo Frame 3 Classic Hanging
22890,Novelty Biscuits Cake Stand 3 Tier
22055,Mini Cake Stand Hanging Strawbery
20675,Blue Polkadot Bowl
82551,Laundry 15C Metal Sign
21116,Owl Doorstop
84508A,Camouflage Design Teddy
21115,Rose Caravan Doorstop
84568,Girls Alphabet Iron On Patches
22588,Card Holder Gingham Heart
22592,Cardholder Holly Wreath Metal
21870,I Can Only Please One Person Mug
22784,Lantern Cream Gazebo
22350,Illustrated Cat Bowl
21875,Kings Choice Mug
22809,Set Of 6 T-Lights Santa
21976,Pack Of 60 Mushroom Cake Cases
22353,Lunch Box With Cutlery Fairy Cakes
22813,Pack 3 Boxes Bird Pannetone
21588,Retrospot Giant Tube Matches
22165,"Diamante Heart Shaped Wall Mirror,"
20717,Strawberry Shopper Bag
22669,Red Baby Bunting
22550,Holiday Fun Ludo
21110,Large Cake Towel Pink Spots
23238,Set Of 4 Knick Knack Tins London
23007,Spaceboy Baby Gift Set
22493,Paint Your Own Canvas Set
22798,Antique Glass Dressing Table Pot
21361,Love Large Wood Letters
22739,Ribbon Reel Christmas Sock Bauble
23204,Charlotte Bag Apples Design
84968C,Set Of 16 Vintage Pistachio Cutlery
22945,Christmas Metal Tags Assorted
22242,"Hook, 5 Hanger , Magic Toadstool"
22779,Wooden Owls Light Garland
22360,Glass Jar English Confectionery
22199,Frying Pan Red Retrospot
22224,White Lovebird Lantern
22528,Gardeners Kneeling Pad
21463,Mirrored Disco Ball
22489,Pack Of 12 Traditional Crayons
22991,Giraffe Wooden Ruler
22827,Rustic Seventeen Drawer Sideboard
22465,Hanging Metal Star Lantern
85065,Cream Sweetheart Trays
82580,Bathroom Metal Sign
85174,S/4 Cacti Candles
11001,Asstd Design Racing Car Pen
21746,Small Red Retrospot Windmill
21876,Pottering Mug
21114,Lavender Scented Fabric Heart
22644,Ceramic Cherry Cake Money Bank
72351A,Set/6 Turquoise Butterfly T-Lights
22626,Black Kitchen Scales
22282,12 Egg House Painted Wood
22029,Spaceboy Birthday Card
21737,Set 3 Wicker Log Baskets
23382,Box Of 6 Christmas Cake Decorations
21561,Dinosaur Lunch Box With Cutlery
22907,Pack Of 20 Napkins Pantry Design
22567,20 Dolly Pegs Retrospot
21625,Vintage Union Jack Apron
22577,Wooden Heart Christmas Scandinavian
22781,Gumball Magazine Rack
23083,Set 6 Paper Table Lantern Stars
22414,Doormat Neighbourhood Witch
22618,Cooking Set Retrospot
21700,Big Doughnut Fridge Magnets
21981,Pack Of 12 Woodland Tissues
37450,Ceramic Cake Bowl + Hanging Cakes
22187,Green Christmas Tree Card Holder
23236,Storage Tin Vintage Doily
10002,Inflatable Political Globe
22810,Set Of 6 T-Lights Snowmen
21984,Pack Of 12 Pink Paisley Tissues
21107,Cream Slice Flannel Pink Spot
23320,Giant 50'S Christmas Cracker
23215,Jingle Bell Heart Antique Silver
21992,Vintage Paisley Stationery Set
21497,Fancy Fonts Birthday Wrap
23543,Wall Art Keep Calm
21903,Man Flu Metal Sign
22563,Happy Stencil Craft
22938,Cupcake Lace Paper Set 6
23283,Doormat Vintage Leaf
23293,Set Of 12 Fairy Cake Baking Cases
22498,Wooden Regatta Bunting
22845,Vintage Cream Cat Food Container
22780,Light Garland Butterfiles Pink
37448,Ceramic Cake Design Spotted Mug
22377,Bottle Bag Retrospot
23254,Childrens Cutlery Dolly Girl
35004B,Set Of 3 Black Flying Ducks
21563,Red Heart Shape Love Bucket
20973,12 Pencil Small Tube Woodland
22378,Wall Tidy Retrospot
21768,Wall Mounted Vintage Organiser
22311,Office Mug Warmer Black+Silver
22085,Paper Chain Kit Skulls
22220,Cake Stand Lovebird 2 Tier White
23109,Pack Of Six Led Tea Lights
22575,Metal Merry Christmas Wreath
37500,Tea Time Teapot In Gift Box
22431,Watering Can Blue Elephant
22430,Enamel Watering Can Cream
23103,Jingle Bell Heart Decoration
22746,Poppy'S Playhouse Livingroom
47502,Polkadot Cutlery 24 Pcs In Tray
22059,Ceramic Strawberry Design Mug
23541,Wall Art Classic Puddings
21989,Pack Of 20 Skull Paper Napkins
47599B,Blue Party Bags
85175,Cacti T-Light Candles
22898,Childrens Apron Apples Design
23297,Set 40 Heart Shape Petit Four Cases
22432,Watering Can Pink Bunny
23008,Dolly Girl Baby Gift Set
23229,Vintage Donkey Tail Game
22221,Cake Stand Lovebird 2 Tier Pink
22661,Charlotte Bag Dolly Girl Design
22526,Wheelbarrow For Children
23480,Mini Lights Woodland Mushrooms
23247,Biscuit Tin 50'S Christmas
21592,Retrospot Cigar Box Matches
22080,Ribbon Reel Spots Design
85047,White Beaded Garland String 20Light
23169,Classic Glass Cookie Jar
21494,Rotating Leaves T-Light Holder
85014D,Pink/Brown Dots Ruffled Umbrella
85068,Cream Sweetheart Shelf + Hooks
85062,Pearl Crystal Pumpkin T-Light Hldr
22142,Christmas Craft White Fairy
21240,Blue Polkadot Cup
16156S,Wrap Pink Fairy Cakes
79067,Corona Mexican Tray
84968A,Set Of 16 Vintage Rose Cutlery
22849,Bread Bin Diner Style Mint
22833,Hall Cabinet With 3 Drawers
21201,Tropical Honeycomb Paper Garland
15060B,Fairy Cake Design Umbrella
22332,Skulls Party Bag + Sticker Set
22364,Glass Jar Digestive Biscuits
22578,Wooden Star Christmas Scandinavian
21500,Pink Polkadot Wrap
21239,Pink Polkadot Cup
22596,Christmas Star Wish List Chalkboard
22065,Christmas Pudding Trinket Pot
22148,Easter Craft 4 Chicks
23311,Vintage Christmas Stocking
47559B,Tea Time Oven Glove
23553,Landmark Frame Camden Town
23188,Vintage 2 Meter Folding Ruler
22783,Set 3 Wicker Oval Baskets W Lids
23571,Traditional Naughts & Crosses
23134,Large Zinc Heart Wall Organiser
22063,Ceramic Bowl With Strawberry Design
22848,Bread Bin Diner Style Pink
22906,12 Message Cards With Envelopes
22979,Pantry Washing Up Brush
22582,Pack Of 6 Sweetie Gift Boxes
84520B,Pack 20 English Rose Paper Napkins
23307,Set Of 60 Pantry Design Cake Cases
22460,Embossed Glass Tealight Holder
23172,Regency Tea Plate Pink
22185,Slate Tile Natural Hanging
22435,Set Of 9 Heart Shaped Balloons
22830,Utilty Cabinet With Hooks
84884A,Ant White Wire Heart Spiral
22278,Overnight Bag Vintage Rose Paisley
22196,Small Heart Measuring Spoons
22855,Fine Wicker Heart
21730,Glass Star Frosted T-Light Holder
72802C,Vanilla Scent Candle Jewelled Box
21584,Retrospot Small Tube Matches
20751,Funky Washing Up Gloves Assorted
21714,Citronella Candle Garden Pot
84832,Zinc Willie Winkie Candle Stick
85178,Victorian Sewing Kit
21078,Set/20 Strawberry Paper Napkins
22222,Cake Plate Lovebird White
22826,Love Seat Antique White Metal
21499,Blue Polkadot Wrap
21586,Kings Choice Giant Tube Matches
22772,Pink Drawer Knob Acrylic Edwardian
21591,Cosy Hour Cigar Box Matches
22167,Oval Wall Mirror Diamante
23192,Bundle Of 3 Alphabet Exercise Books
22331,Woodland Party Bag + Sticker Set
22737,Ribbon Reel Christmas Present
21667,Glass Cake Cover And Plate
22841,Round Cake Tin Vintage Green
23118,Parisienne Jewellery Drawer
22361,Glass Jar Daisy Fresh Cotton Wool
21918,Set 12 Kids Colour Chalk Sticks
22491,Pack Of 12 Coloured Pencils
85038,6 Chocolate Love Heart T-Lights
21832,Chocolate Calculator
22045,Spaceboy Gift Wrap
23526,Wall Art Dog Licence
21407,Brown Check Cat Doorstop
23296,Set Of 6 Tea Time Baking Cases
21452,Toadstool Money Box
23312,Vintage Christmas Gift Sack
22964,3 Piece Spaceboy Cookie Cutter Set
84509A,Set Of 4 English Rose Placemats
23052,Recycled Acapulco Mat Turquoise
22899,Children'S Apron Dolly Girl
21313,Glass Heart T-Light Holder
22660,Doormat I Love London
22441,Grow Your Own Basil In Enamel Mug
22951,60 Cake Cases Dolly Girl Design
23154,Set Of 4 Jam Jar Magnets
48197,Door Mat Bird On The Wire
22241,Garland Wooden Happy Easter
22200,Frying Pan Pink Polkadot
85132C,Charlie And Lola Figures Tins
23113,Pantry Chopping Board
22971,Queens Guard Coffee Mug
21988,Pack Of 6 Skull Paper Plates
23485,Botanical Gardens Wall Clock
21577,Save The Planet Cotton Tote Bag
22119,Peace Wooden Block Letters
37495,Fairy Cake Birthday Candle Set
22115,Metal Sign Empire Tea
