StockCode,real_description,median_price,total_qty,total_revenue,n_invoices,first_seen,last_seen
22423,REGENCY CAKESTAND 3 TIER,12.75,27577,344563.25,3918,2010-03-15 13:55:00,2011-12-09 10:23:00
85123A,WHITE HANGING HEART T-LIGHT HOLDER,2.95,96147,263109.67,5365,2009-12-01 09:46:00,2011-12-09 11:34:00
85099B,JUMBO BAG RED RETROSPOT,1.95,98349,183454.83,3989,2009-12-01 10:06:00,2011-12-09 10:26:00
47566,PARTY BUNTING,4.95,28378,149187.05000000002,2674,2009-12-01 13:07:00,2011-12-09 10:23:00
84879,ASSORTED COLOUR BIRD ORNAMENT,1.69,81809,132187.91999999998,2807,2009-12-01 09:06:00,2011-12-09 12:31:00
22086,PAPER CHAIN KIT 50'S CHRISTMAS,2.95,36581,123141.54000000001,2018,2009-12-01 10:06:00,2011-12-09 12:19:00
79321,CHILLI LIGHTS,4.95,16840,85489.91,1135,2009-12-01 14:56:00,2011-12-09 12:20:00
23166,MEDIUM CERAMIC TOP STORAGE JAR,1.25,78033,81700.92000000001,247,2011-01-18 10:01:00,2011-12-09 10:03:00
22197,SMALL POPCORN HOLDER,0.85,89898,80920.64,2322,2009-12-01 11:45:00,2011-12-09 12:19:00
22386,JUMBO BAG PINK POLKADOT,1.95,39840,77111.91,2245,2010-01-29 12:35:00,2011-12-09 12:19:00
84347,ROTATING SILVER ANGELS T-LIGHT HLDR,2.55,32525,74448.92,756,2009-12-01 11:58:00,2011-12-09 12:19:00
20725,LUNCH BAG RED RETROSPOT,1.65,40942,72292.85,3056,2009-12-01 10:06:00,2011-12-09 12:23:00
21137,BLACK RECORD COVER FRAME,3.75,19954,69329.47,634,2009-12-01 18:35:00,2011-12-09 12:00:00
85099F,JUMBO BAG STRAWBERRY,1.95,37124,68488.81,1830,2009-12-01 13:38:00,2011-12-08 16:30:00
20685,DOORMAT RED RETROSPOT,7.95,9974,67859.56,1725,2009-12-01 11:45:00,2011-12-09 12:49:00
48138,DOORMAT UNION FLAG,7.49,10175,67757.63,1664,2009-12-15 11:56:00,2011-12-09 10:26:00
23084,RABBIT NIGHT LIGHT,2.08,30788,66964.99,994,2011-05-10 14:20:00,2011-12-09 12:31:00
21843,RED RETROSPOT CAKE STAND,10.95,6290,66620.2,1527,2009-12-01 14:28:00,2011-12-09 10:26:00
22114,HOT WATER BOTTLE TEA AND SYMPATHY,3.95,12462,63517.75,1583,2009-12-01 10:06:00,2011-12-09 10:26:00
82484,WOOD BLACK BOARD ANT WHITE FINISH,6.75,11054,62842.02,1176,2010-04-11 10:30:00,2011-12-09 10:03:00
21931,JUMBO STORAGE BAG SUKI,1.95,29503,62285.28,2329,2009-12-01 11:34:00,2011-12-09 12:19:00
22910,PAPER CHAIN KIT VINTAGE CHRISTMAS,2.95,19597,61721.990000000005,1427,2010-09-19 10:20:00,2011-12-09 12:19:00
22502,PICNIC BASKET WICKER SMALL,5.95,3869,61510.67,924,2010-05-23 10:54:00,2011-09-25 14:33:00
22112,CHOCOLATE HOT WATER BOTTLE,4.95,11556,60763.12,1721,2009-12-01 09:08:00,2011-12-09 11:26:00
21621,VINTAGE UNION JACK BUNTING,8.5,6945,60668.54,1292,2009-12-01 12:47:00,2011-12-06 13:20:00
85099C,JUMBO  BAG BAROQUE BLACK WHITE,1.95,31249,60292.32,1868,2009-12-01 12:30:00,2011-12-09 12:19:00
15056N,EDWARDIAN PARASOL NATURAL,5.95,11370,58427.590000000004,1033,2009-12-01 11:50:00,2011-12-09 10:20:00
22411,JUMBO SHOPPER VINTAGE RED PAISLEY,1.95,27732,58275.45,2192,2010-01-29 13:52:00,2011-12-09 12:19:00
22470,HEART OF WICKER LARGE,2.95,18551,55898.87,1952,2010-04-22 12:12:00,2011-12-08 17:54:00
22189,CREAM HEART CARD HOLDER,3.95,18363,54598.73,1299,2009-12-01 12:13:00,2011-12-08 18:43:00
20914,SET/5 RED RETROSPOT LID GLASS BOWLS,2.95,18979,53415.310000000005,2030,2009-12-01 11:50:00,2011-12-09 10:03:00
22178,VICTORIAN GLASS HANGING T-LIGHT,1.25,40748,53330.49,1816,2009-12-01 10:06:00,2011-12-09 12:31:00
22139,RETROSPOT TEA SET CERAMIC 11 PC,4.95,10675,53214.310000000005,2093,2009-12-01 09:28:00,2011-12-09 11:59:00
21212,PACK OF 72 RETROSPOT CAKE CASES,0.55,96560,52997.200000000004,3118,2009-12-01 10:49:00,2011-12-09 10:23:00
22111,SCOTTIE DOG HOT WATER BOTTLE,4.95,10218,52192.310000000005,1689,2009-12-01 09:06:00,2011-12-09 11:26:00
21623,VINTAGE UNION JACK MEMOBOARD,9.95,7200,52122.729999999996,530,2010-02-28 15:58:00,2011-12-08 13:18:00
21733,RED HANGING HEART T-LIGHT HOLDER,2.95,17999,51556.97,1760,2009-12-01 10:06:00,2011-12-08 14:38:00
84946,ANTIQUE SILVER TEA GLASS ETCHED,1.25,38064,51329.72,1769,2009-12-01 10:36:00,2011-12-09 12:31:00
22469,HEART OF WICKER SMALL,1.65,29037,51127.759999999995,2151,2010-04-22 12:12:00,2011-12-09 11:34:00
21181,PLEASE ONE PERSON METAL SIGN,2.1,25117,51005.82000000001,1810,2009-12-01 09:06:00,2011-12-09 10:26:00
21232,STRAWBERRY CERAMIC TRINKET BOX,1.25,38981,50760.48,2435,2009-12-01 07:45:00,2011-12-09 10:26:00
22090,PAPER BUNTING RETROSPOT,2.95,16808,50753.100000000006,1703,2009-12-01 10:36:00,2011-12-08 10:24:00
21929,JUMBO BAG PINK VINTAGE PAISLEY,1.95,25954,50334.1,1619,2009-12-01 09:57:00,2011-12-09 12:19:00
48194,DOORMAT HEARTS,7.95,7847,49633.29,1349,2009-12-01 11:45:00,2011-12-08 19:29:00
21731,RED TOADSTOOL LED NIGHT LIGHT,1.65,29715,49539.689999999995,1537,2009-12-01 09:28:00,2011-12-09 10:46:00
22457,NATURAL SLATE HEART CHALKBOARD,2.95,15771,48671.05,2046,2010-03-04 10:29:00,2011-12-09 10:26:00
15056BL,EDWARDIAN PARASOL BLACK,5.95,9646,48101.89,857,2009-12-01 11:50:00,2011-12-09 10:20:00
21754,HOME BUILDING BLOCK WORD,5.95,7847,48079.69,2066,2009-12-01 09:06:00,2011-12-09 10:26:00
84029E,RED WOOLLY HOTTIE WHITE HEART.,3.75,11830,47737.380000000005,1145,2009-12-01 09:44:00,2011-12-09 10:26:00
48187,DOORMAT NEW ENGLAND,7.95,7425,47265.11,1282,2009-12-01 11:41:00,2011-12-09 12:00:00
21523,DOORMAT FANCY FONT HOME SWEET HOME,7.95,7050,47225.46,1122,2009-12-01 07:45:00,2011-12-09 10:26:00
21928,JUMBO BAG SCANDINAVIAN PAISLEY,1.95,24780,47095.72,1542,2009-12-01 10:06:00,2011-12-09 10:26:00
22355,CHARLOTTE BAG SUKI DESIGN,0.85,32692,46633.439999999995,1742,2009-12-01 12:13:00,2011-12-09 10:23:00
71477,COLOUR GLASS. STAR T-LIGHT HOLDER,3.25,15727,46546.53,809,2009-12-01 11:21:00,2011-12-08 16:30:00
20727,LUNCH BAG  BLACK SKULL.,1.65,27126,46422.49,2351,2009-12-01 12:13:00,2011-12-09 11:34:00
48185,DOORMAT FAIRY CAKE,7.95,6862,46104.340000000004,983,2009-12-01 10:52:00,2011-12-08 19:29:00
22138,BAKING SET 9 PIECE RETROSPOT,4.95,9383,45966.16,1914,2009-12-01 09:28:00,2011-12-09 12:50:00
22326,ROUND SNACK BOXES SET OF4 WOODLAND,2.95,15690,45046.68,1391,2010-01-07 16:46:00,2011-12-09 12:09:00
21915,RED  HARMONICA IN BOX,1.25,38191,44808.8,1025,2009-12-04 15:16:00,2011-12-07 15:07:00
82494L,WOODEN FRAME ANTIQUE WHITE,2.95,15645,44796.9,1973,2009-12-01 10:49:00,2011-12-08 19:55:00
21175,GIN + TONIC DIET METAL SIGN,2.1,20905,44391.43,1659,2009-12-01 11:45:00,2011-12-09 10:03:00
22383,LUNCH BAG SUKI  DESIGN,1.65,25461,43932.56,2398,2010-01-22 16:28:00,2011-12-09 10:23:00
84078A,SET/4 WHITE RETRO STORAGE CUBES,39.95,1129,43921.51,328,2009-12-02 11:26:00,2011-12-08 09:20:00
23298,SPOTTY BUNTING,4.95,8473,43182.83,1146,2011-05-04 13:57:00,2011-12-09 12:16:00
20728,LUNCH BAG CARS BLUE,1.65,24892,42784.74,2067,2009-12-01 10:06:00,2011-12-09 10:26:00
82482,WOODEN PICTURE FRAME WHITE FINISH,2.55,17198,42546.58,2006,2009-12-01 12:47:00,2011-12-09 10:26:00
23203,JUMBO BAG VINTAGE DOILY,2.08,20503,42067.78,1231,2011-05-06 15:54:00,2011-12-09 09:38:00
20713,JUMBO BAG OWLS,1.95,21199,41390.09,1314,2009-12-01 12:13:00,2011-12-09 12:19:00
22083,PAPER CHAIN KIT RETROSPOT,2.95,14008,41379.060000000005,1401,2009-12-01 10:06:00,2011-12-09 12:19:00
22328,ROUND SNACK BOXES SET OF 4 FRUITS,2.95,14636,40508.26,1159,2010-01-07 16:46:00,2011-12-09 12:09:00
84997D,PINK 3 PIECE MINI DOTS CUTLERY SET,3.75,10761,40308.03,1085,2009-12-01 10:59:00,2011-12-09 12:16:00
22960,JAM MAKING SET WITH JARS,4.25,9302,39694.56,1159,2010-11-28 12:38:00,2011-12-09 10:26:00
85066,CREAM SWEETHEART MINI CHEST,12.75,3148,39428.65,929,2009-12-01 10:06:00,2011-12-09 10:45:00
82486,WOOD S/3 CABINET ANT WHITE FINISH,7.95,4899,39382.5,1274,2009-12-01 10:49:00,2011-12-09 10:45:00
22699,ROSES REGENCY TEACUP AND SAUCER,2.95,13339,39134.89,1424,2010-08-11 15:46:00,2011-12-09 10:26:00
20726,LUNCH BAG WOODLAND,1.65,22341,38949.729999999996,1926,2009-12-01 10:06:00,2011-12-09 10:26:00
21485,RETROSPOT HEART HOT WATER BOTTLE,4.95,7927,38840.8,1385,2009-12-01 10:06:00,2011-12-09 11:26:00
22629,SPACEBOY LUNCH BOX,1.95,21223,38750.2,1368,2010-07-01 11:59:00,2011-12-09 12:50:00
21166,COOK WITH WINE METAL SIGN,1.95,20128,38560.16,1425,2009-12-01 11:45:00,2011-12-09 10:26:00
23284,DOORMAT KEEP CALM AND COME IN,7.95,5491,38166.64,728,2011-04-27 12:57:00,2011-12-09 10:03:00
22720,SET OF 3 CAKE TINS PANTRY DESIGN,4.95,7493,38158.39,1385,2010-12-13 15:13:00,2011-12-09 10:03:00
20712,JUMBO BAG WOODLAND ANIMALS,2.08,17957,38029.89,1415,2009-12-01 12:13:00,2011-12-09 10:26:00
22727,ALARM CLOCK BAKELIKE RED,3.75,9595,37970.11,1363,2010-09-24 10:29:00,2011-12-09 12:50:00
21524,DOORMAT SPOTTY HOME SWEET HOME,7.95,5342,36667.33,1150,2009-12-01 13:29:00,2011-12-08 20:01:00
21755,LOVE BUILDING BLOCK WORD,5.95,5774,35641.990000000005,1696,2009-12-01 09:06:00,2011-12-09 12:00:00
20724,RED RETROSPOT CHARLOTTE BAG,0.85,32487,35595.63,2035,2009-12-01 10:06:00,2011-12-09 10:23:00
22379,RECYCLING BAG RETROSPOT,2.1,16075,35408.96,1570,2010-01-25 13:46:00,2011-12-09 10:26:00
84997B,RED 3 PIECE MINI DOTS CUTLERY SET,3.75,9388,34987.06,1019,2009-12-01 11:34:00,2011-12-09 12:16:00
21479,WHITE SKULL HOT WATER BOTTLE,3.75,6872,34617.93,930,2009-12-01 11:17:00,2011-12-09 11:56:00
22384,LUNCH BAG PINK POLKADOT,1.65,21037,34506.659999999996,2106,2010-01-25 11:18:00,2011-12-09 10:26:00
22666,RECIPE BOX PANTRY YELLOW DESIGN,2.95,10951,34489.05,1657,2010-07-09 17:17:00,2011-12-09 10:26:00
22382,LUNCH BAG SPACEBOY DESIGN,1.65,20458,34436.39,2153,2010-01-22 16:28:00,2011-12-08 16:30:00
22630,DOLLY GIRL LUNCH BOX,1.95,18363,33980.0,1333,2010-07-01 16:48:00,2011-12-09 10:03:00
22726,ALARM CLOCK BAKELIKE GREEN,3.75,7954,33737.59,1273,2010-09-24 10:29:00,2011-12-09 12:50:00
22865,HAND WARMER OWL DESIGN,2.1,15557,33575.51,1212,2010-09-10 13:59:00,2011-12-09 10:26:00
22188,BLACK HEART CARD HOLDER,3.95,12484,33201.0,566,2009-12-14 17:57:00,2011-12-08 18:43:00
15036,ASSORTED COLOURS SILK FAN,0.83,44365,33041.55,991,2009-12-01 16:05:00,2011-12-09 10:03:00
84997C,BLUE 3 PIECE MINI DOTS CUTLERY SET,3.75,8865,32992.01,951,2009-12-01 10:59:00,2011-12-09 12:16:00
22385,JUMBO BAG SPACEBOY DESIGN,1.95,17227,32749.37,1248,2010-01-29 13:46:00,2011-12-08 16:30:00
22077,6 RIBBONS RUSTIC CHARM,1.65,17569,32213.589999999997,1751,2009-12-01 11:45:00,2011-12-09 12:09:00
22622,BOX OF VINTAGE ALPHABET BLOCKS,9.95,3242,32163.94,571,2010-05-07 10:44:00,2011-12-09 12:16:00
85152,HAND OVER THE CHOCOLATE   SIGN,2.1,16645,32064.760000000002,1460,2009-12-01 11:37:00,2011-12-09 10:03:00
84029G,KNITTED UNION FLAG HOT WATER BOTTLE,3.75,7343,32054.49,1009,2009-12-01 11:45:00,2011-12-09 11:26:00
48184,DOORMAT ENGLISH ROSE,7.95,4777,31603.65,851,2009-12-01 12:14:00,2011-12-08 19:29:00
22697,GREEN REGENCY TEACUP AND SAUCER,2.95,10112,31534.920000000002,1353,2010-08-11 15:46:00,2011-12-09 10:26:00
22659,LUNCH BOX I LOVE LONDON,1.95,16869,31203.02,1075,2010-03-14 12:18:00,2011-12-09 10:26:00
23245,SET OF 3 REGENCY CAKE TINS,4.95,6357,31177.95,873,2011-06-08 12:02:00,2011-12-09 12:08:00
85014B,RED RETROSPOT UMBRELLA,5.95,6202,31123.93,900,2009-12-01 09:28:00,2011-12-09 10:03:00
22501,PICNIC BASKET WICKER LARGE,9.95,2643,30828.289999999997,762,2010-05-21 16:37:00,2011-11-06 15:01:00
22752,SET 7 BABUSHKA NESTING BOXES,8.5,3781,30804.75,692,2010-08-06 15:02:00,2011-12-08 18:22:00
20679,EDWARDIAN PARASOL RED,5.95,6259,30667.32,715,2009-12-01 17:31:00,2011-12-09 10:26:00
22158,3 HEARTS HANGING DECORATION RUSTIC,2.95,9443,30498.18,718,2009-12-03 17:46:00,2011-12-08 16:30:00
21217,RED RETROSPOT ROUND CAKE TINS,9.95,2961,30483.03,928,2009-12-01 10:06:00,2011-12-09 12:49:00
23199,JUMBO BAG APPLES,2.08,14920,30475.65,978,2011-04-11 16:47:00,2011-12-09 12:19:00
22866,HAND WARMER SCOTTY DOG DESIGN,2.1,13772,30426.54,1083,2010-09-10 13:59:00,2011-12-09 10:26:00
82483,WOOD 2 DRAWER CABINET WHITE FINISH,5.95,5103,30213.89,1123,2009-12-01 10:49:00,2011-12-08 12:10:00
47590B,PINK HAPPY BIRTHDAY BUNTING,5.45,5778,29587.43,872,2009-12-07 11:35:00,2011-12-09 10:03:00
22867,HAND WARMER BIRD DESIGN,2.1,13453,29541.020000000004,1054,2010-09-10 13:59:00,2011-12-09 10:03:00
22467,GUMBALL COAT RACK,2.55,12298,29139.100000000002,1095,2010-03-04 14:45:00,2011-12-09 10:03:00
22492,MINI PAINT SET VINTAGE,0.65,45665,29046.190000000002,732,2010-05-06 11:50:00,2011-12-08 16:29:00
20971,PINK BLUE FELT CRAFT TRINKET BOX,1.25,22629,29027.46,1148,2009-12-01 09:08:00,2011-12-09 10:03:00
23355,HOT WATER BOTTLE KEEP CALM,4.95,5841,28842.550000000003,782,2011-08-22 13:32:00,2011-12-09 11:56:00
48188,DOORMAT WELCOME PUPPIES,7.95,4892,28798.14,698,2009-12-01 12:14:00,2011-12-06 17:23:00
84978,HANGING HEART JAR T-LIGHT HOLDER,1.25,21903,28734.82,1425,2009-12-04 15:40:00,2011-12-09 10:03:00
22835,HOT WATER BOTTLE I AM SO POORLY,4.65,5566,28659.98,1011,2010-09-12 14:58:00,2011-12-09 10:23:00
82583,HOT BATHS METAL SIGN,2.1,13090,28496.81,1176,2009-12-01 14:28:00,2011-12-09 10:23:00
21977,PACK OF 60 PINK PAISLEY CAKE CASES,0.55,56794,28490.98,1993,2009-12-01 10:46:00,2011-12-09 10:26:00
20719,WOODLAND CHARLOTTE BAG,0.85,24945,28287.32,1573,2009-12-01 11:21:00,2011-12-09 10:23:00
22961,JAM MAKING SET PRINTED,1.45,18086,28242.89,1200,2010-07-23 12:29:00,2011-12-09 10:26:00
22624,IVORY KITCHEN SCALES,8.5,3258,28227.77,1219,2010-05-04 10:02:00,2011-12-09 12:08:00
21930,JUMBO STORAGE BAG SKULLS,1.95,13657,27923.57,1321,2009-12-01 10:59:00,2011-12-09 10:26:00
72741,GRAND CHOCOLATECANDLE,1.45,20178,27915.129999999997,920,2009-12-01 11:41:00,2011-12-09 10:03:00
23201,JUMBO BAG ALPHABET,2.08,13379,27890.170000000002,906,2011-04-11 16:47:00,2011-12-09 12:19:00
20750,RED RETROSPOT MINI CASES,7.95,3777,27562.87,909,2009-12-01 12:47:00,2011-12-09 11:59:00
84991,60 TEATIME FAIRY CAKE CASES,0.55,54716,27404.22,2127,2009-12-01 10:46:00,2011-12-09 10:03:00
71459,HANGING JAM JAR T-LIGHT HOLDER,0.85,33577,27192.51,1017,2009-12-02 10:00:00,2011-12-09 10:10:00
22734,SET OF 6 RIBBONS VINTAGE CHRISTMAS,2.89,9828,27061.58,756,2010-09-16 11:40:00,2011-12-09 10:51:00
21481,FAWN BLUE HOT WATER BOTTLE,2.95,8557,26988.98,1050,2009-12-01 10:52:00,2011-12-09 11:59:00
22149,FELTCRAFT 6 FLOWER FRIENDS,2.1,12922,26855.260000000002,1382,2009-12-01 14:28:00,2011-11-10 18:46:00
22507,MEMO BOARD RETROSPOT  DESIGN,4.95,5694,26626.56,900,2010-03-11 17:05:00,2011-12-09 10:26:00
48111,DOORMAT 3 SMILEY CATS,7.95,4309,26544.41,720,2009-12-01 11:45:00,2011-12-09 08:59:00
22551,PLASTERS IN TIN SPACEBOY,1.65,15779,26485.1,1299,2010-03-25 12:41:00,2011-12-09 10:13:00
82600,NO SINGING METAL SIGN,2.1,12908,26212.86,1201,2009-12-01 11:41:00,2011-12-09 10:26:00
20711,JUMBO BAG TOYS,2.015,12838,26186.9,1052,2009-12-01 09:24:00,2011-12-01 16:22:00
21080,SET/20 RED RETROSPOT PAPER NAPKINS,0.85,31823,26031.969999999998,2123,2009-12-01 12:20:00,2011-12-08 16:30:00
47566B,TEA TIME PARTY BUNTING,4.65,5838,25987.9,761,2009-12-01 11:17:00,2011-12-04 13:20:00
21108,FAIRY CAKE FLANNEL ASSORTED COLOUR,2.55,13105,25887.350000000002,613,2009-12-01 14:28:00,2011-12-09 11:26:00
21527,RED RETROSPOT TRADITIONAL TEAPOT,7.95,3429,25612.27,831,2009-12-01 11:50:00,2011-05-15 16:02:00
22087,PAPER BUNTING WHITE LACE,2.95,8532,25563.170000000002,847,2009-12-01 10:36:00,2011-12-09 10:51:00
22084,PAPER CHAIN KIT EMPIRE,2.95,8879,25480.38,811,2009-12-02 13:23:00,2011-12-08 15:01:00
84755,COLOUR GLASS T-LIGHT HOLDER HANGING,0.65,40839,25475.050000000003,1259,2009-12-01 13:47:00,2011-12-09 10:03:00
37503,TEA TIME CAKE STAND IN GIFT BOX,10.75,2469,25471.329999999998,522,2009-12-01 12:30:00,2010-08-01 10:09:00
21314,SMALL GLASS HEART TRINKET POT,2.1,11658,25276.95,1066,2009-12-01 13:29:00,2011-12-09 12:00:00
84077,WORLD WAR 2 GLIDERS ASSTD DESIGNS,0.29,110138,25259.899999999998,1019,2009-12-01 12:57:00,2011-12-09 10:03:00
20972,PINK CREAM FELT CRAFT TRINKET BOX,1.25,20761,25151.84,1397,2009-12-01 10:59:00,2011-12-09 10:03:00
23173,REGENCY TEAPOT ROSES,9.95,2770,24918.93,416,2011-05-10 10:34:00,2011-12-09 10:20:00
22728,ALARM CLOCK BAKELIKE PINK,3.75,6374,24907.27,969,2010-09-24 13:04:00,2011-12-09 12:50:00
84836,ZINC METAL HEART DECORATION,1.25,20251,24805.670000000002,1408,2009-12-01 11:41:00,2011-12-08 14:38:00
21231,SWEETHEART CERAMIC TRINKET BOX,1.25,19767,24618.13,1482,2009-12-01 10:59:00,2011-12-08 16:30:00
47590A,BLUE HAPPY BIRTHDAY BUNTING,5.45,4829,24559.230000000003,689,2009-12-02 13:06:00,2011-12-06 16:26:00
22722,SET OF 6 SPICE TINS PANTRY DESIGN,3.95,5984,24507.36,835,2010-11-11 13:24:00,2011-12-09 10:26:00
22698,PINK REGENCY TEACUP AND SAUCER,2.95,8232,24489.670000000002,1033,2010-08-11 15:46:00,2011-12-09 12:20:00
22171,3 HOOK PHOTO SHELF ANTIQUE WHITE,8.5,3202,24249.96,661,2009-12-01 14:19:00,2011-12-09 11:26:00
21258,VICTORIAN SEWING BOX LARGE,12.75,1692,24153.59,526,2009-12-01 11:21:00,2011-12-09 12:09:00
21790,VINTAGE SNAP CARDS,0.85,27942,24095.6,1888,2009-12-01 09:46:00,2011-12-09 12:20:00
22625,RED KITCHEN SCALES,8.5,2743,24045.030000000002,950,2010-05-04 12:18:00,2011-12-09 11:56:00
21955,DOORMAT UNION JACK GUNS AND ROSES,7.49,3943,24024.170000000002,729,2009-12-01 09:46:00,2011-12-09 10:26:00
21791,VINTAGE HEADS AND TAILS CARD GAME,1.25,18585,23993.23,1313,2009-12-01 11:21:00,2011-12-09 10:03:00
84406B,CREAM CUPID HEARTS COAT HANGER,3.25,7384,23820.8,841,2009-12-01 16:34:00,2011-12-05 14:30:00
23344,JUMBO BAG 50'S CHRISTMAS,2.08,10306,23815.75,716,2011-06-15 13:25:00,2011-12-09 12:19:00
22605,WOODEN CROQUET GARDEN SET,12.75,1846,23743.77,642,2010-04-08 19:40:00,2011-12-08 18:22:00
23243,SET OF TEA COFFEE SUGAR TINS PANTRY,4.95,4805,23514.170000000002,470,2011-06-08 08:12:00,2011-12-09 10:03:00
48173C,DOORMAT BLACK FLOCK,7.95,4104,23335.25,500,2009-12-01 09:06:00,2011-12-08 09:20:00
22554,PLASTERS IN TIN WOODLAND ANIMALS,1.65,13854,23329.359999999997,1275,2010-03-25 12:43:00,2011-12-09 10:13:00
22113,GREY HEART HOT WATER BOTTLE,3.75,6059,23172.82,996,2009-12-01 11:45:00,2011-12-09 12:31:00
22607,WOODEN ROUNDERS GARDEN SET,8.5,2556,23139.3,744,2010-04-08 19:40:00,2011-12-08 18:22:00
22585,PACK OF 6 BIRDY GIFT TAGS,1.25,18333,22903.920000000002,1084,2010-03-10 12:51:00,2011-12-09 12:16:00
21936,RED RETROSPOT PICNIC BAG,2.95,7833,22847.59,1046,2009-12-02 14:36:00,2011-12-09 10:03:00
20749,ASSORTED COLOUR MINI CASES,7.95,3156,22806.51,766,2009-12-01 09:28:00,2011-12-09 09:38:00
37449,CERAMIC CAKE STAND + HANGING CAKES,9.95,2418,22702.46,477,2009-12-01 11:21:00,2011-12-07 14:34:00
22556,PLASTERS IN TIN CIRCUS PARADE,1.65,13797,22694.129999999997,1196,2010-03-25 12:12:00,2011-12-09 12:50:00
22941,CHRISTMAS LIGHTS 10 REINDEER,8.5,2710,22645.32,483,2010-10-21 10:47:00,2011-12-09 12:19:00
22969,HOMEMADE JAM SCENTED CANDLES,1.45,15087,22459.25,709,2010-11-21 11:28:00,2011-12-09 10:03:00
22632,HAND WARMER RED RETROSPOT,2.1,11190,22384.870000000003,779,2010-09-20 15:33:00,2011-12-09 10:26:00
84970S,HANGING HEART ZINC T-LIGHT HOLDER,0.85,26844,22132.18,1425,2009-12-01 09:08:00,2011-12-09 10:03:00
85014A,BLACK/BLUE POLKADOT UMBRELLA,5.95,4665,22054.25,684,2009-12-01 09:28:00,2011-12-06 12:38:00
21210,SET OF 72 RETROSPOT PAPER  DOILIES,1.45,15249,21957.26,1161,2009-12-01 12:52:00,2011-12-08 15:54:00
22499,WOODEN UNION JACK BUNTING,5.95,3597,21910.640000000003,774,2010-02-02 12:03:00,2011-12-07 10:35:00
22456,NATURAL SLATE CHALKBOARD LARGE,4.95,4462,21883.98,835,2010-03-04 10:29:00,2011-12-09 10:26:00
23202,JUMBO BAG VINTAGE LEAF,2.08,10962,21852.81,879,2011-05-06 15:40:00,2011-12-09 10:03:00
85048,15CM CHRISTMAS GLASS BALL 20 LIGHTS,7.95,2755,21826.9,517,2009-12-01 07:45:00,2011-12-09 10:26:00
21213,PACK OF 72 SKULL CAKE CASES,0.55,40733,21734.850000000002,1481,2009-12-01 13:43:00,2011-12-09 10:03:00
22570,FELTCRAFT CUSHION RABBIT,3.75,5805,21579.79,807,2010-03-10 09:30:00,2011-11-18 14:14:00
23209,LUNCH BAG VINTAGE DOILY,1.65,13189,21450.17,1098,2011-05-08 11:08:00,2011-12-08 17:54:00
22424,ENAMEL BREAD BIN CREAM,12.75,1560,21305.96,739,2010-05-16 11:35:00,2011-12-09 10:26:00
22356,CHARLOTTE BAG PINK POLKADOT,0.85,20237,21252.44,1584,2009-12-01 10:06:00,2011-12-09 10:23:00
22294,HEART FILIGREE DOVE  SMALL,1.25,17127,21217.02,861,2009-12-01 10:06:00,2011-12-08 16:30:00
22617,BAKING SET SPACEBOY DESIGN,4.95,4389,21162.89,942,2010-03-14 16:18:00,2011-12-09 09:38:00
21218,RED SPOTTY BISCUIT TIN,3.75,5305,21102.06,897,2009-12-01 13:41:00,2011-12-09 10:26:00
22568,FELTCRAFT CUSHION OWL,3.75,5692,21056.5,875,2010-03-10 09:30:00,2011-12-07 13:46:00
22569,FELTCRAFT CUSHION BUTTERFLY,3.75,5731,20924.96,784,2010-03-10 09:30:00,2011-10-25 09:31:00
23206,LUNCH BAG APPLE DESIGN,1.65,12183,20911.98,1036,2011-04-11 16:47:00,2011-12-09 10:23:00
48116,DOORMAT MULTICOLOUR STRIPE,7.49,3461,20803.16,496,2009-12-01 14:14:00,2011-12-08 13:26:00
21559,STRAWBERRY LUNCH BOX WITH CUTLERY,2.55,8341,20683.92,1221,2009-12-01 12:32:00,2011-12-09 10:13:00
20723,STRAWBERRY CHARLOTTE BAG,0.85,18485,20677.62,1379,2009-12-01 16:18:00,2011-12-09 10:23:00
85150,LADIES & GENTLEMEN METAL SIGN,2.55,8519,20668.23,1110,2009-12-01 09:50:00,2011-12-09 10:26:00
22900,SET 2 TEA TOWELS I LOVE LONDON,3.25,6377,20544.21,723,2010-09-24 16:06:00,2011-12-09 10:26:00
21216,"SET 3 RETROSPOT TEA,COFFEE,SUGAR",4.95,3949,20528.58,802,2009-12-01 13:41:00,2011-12-09 10:26:00
22693,GROW A FLYTRAP OR SUNFLOWER IN TIN,1.25,17899,20499.08,350,2010-08-05 15:01:00,2011-12-09 10:03:00
22273,FELTCRAFT DOLL MOLLY,2.95,7413,20345.77,810,2009-12-01 10:46:00,2011-12-09 10:03:00
21622,VINTAGE UNION JACK CUSHION COVER,4.95,3745,20164.64,626,2009-12-01 12:47:00,2011-12-07 14:12:00
22558,CLOTHES PEGS RETROSPOT PACK 24,1.49,14281,20163.07,1202,2010-04-14 13:39:00,2011-12-09 10:03:00
22381,TOY TIDY PINK POLKADOT,2.1,9449,19974.77,1100,2010-01-24 13:46:00,2011-12-09 10:26:00
22413,METAL SIGN TAKE IT OR LEAVE IT,2.95,7048,19970.24,881,2010-01-29 13:52:00,2011-12-08 13:47:00
22169,FAMILY ALBUM WHITE PICTURE FRAME,8.5,2326,19956.3,701,2009-12-01 12:30:00,2011-12-08 16:30:00
21174,POTTERING IN THE SHED METAL SIGN,2.08,9813,19864.32,1135,2009-12-01 11:45:00,2011-12-09 10:26:00
22952,60 CAKE CASES VINTAGE CHRISTMAS,0.55,33786,19812.43,1144,2010-09-17 15:04:00,2011-12-09 10:51:00
48129,DOORMAT TOPIARY,7.95,3150,19790.14,543,2009-12-01 11:51:00,2011-12-08 17:57:00
22561,WOODEN SCHOOL COLOURING SET,1.65,11778,19752.089999999997,904,2010-03-25 11:28:00,2011-12-09 11:34:00
71053,WHITE METAL LANTERN,3.75,4993,19718.61,727,2009-12-01 14:43:00,2011-12-09 10:26:00
84997A,GREEN 3 PIECE MINI DOTS CUTLERY SET,3.75,5265,19704.57,589,2009-12-01 11:21:00,2011-12-09 10:03:00
22633,HAND WARMER UNION JACK,2.1,9544,19617.730000000003,858,2010-10-07 09:12:00,2011-12-09 10:20:00
84949,SILVER HANGING T-LIGHT HOLDER,1.65,12286,19568.46,693,2009-12-01 11:37:00,2011-12-08 14:14:00
21340,CLASSIC METAL BIRDCAGE PLANT HOLDER,12.75,1785,19541.46,419,2009-12-02 09:57:00,2011-12-07 12:55:00
21908,CHOCOLATE THIS WAY METAL SIGN,2.1,9865,19534.11,974,2009-12-01 11:37:00,2011-12-09 08:48:00
22427,ENAMEL FLOWER JUG CREAM,5.95,3247,19517.11,798,2010-05-14 15:14:00,2011-11-28 14:26:00
22041,"RECORD FRAME 7"" SINGLE SIZE",2.55,7861,19371.46,555,2009-12-01 07:45:00,2011-12-09 10:26:00
22061,LARGE CAKE STAND  HANGING STRAWBERY,9.95,2189,19300.47,520,2009-12-02 13:57:00,2011-12-09 12:49:00
22555,PLASTERS IN TIN STRONGMAN,1.65,11905,19277.969999999998,967,2010-03-25 12:12:00,2011-12-09 12:50:00
84947,ANTIQUE SILVER TEA GLASS ENGRAVED,1.25,16199,19223.04,680,2009-12-02 09:57:00,2011-12-09 08:59:00
21484,CHICK GREY HOT WATER BOTTLE,3.45,4815,19113.15,864,2009-12-01 10:59:00,2011-12-09 10:23:00
21035,SET/2 RED RETROSPOT TEA TOWELS,3.25,6091,18988.37,929,2009-12-01 09:50:00,2011-12-09 10:03:00
21121,SET/10 RED POLKADOT PARTY CANDLES,1.25,15678,18979.33,873,2009-12-01 14:35:00,2011-12-09 12:19:00
22847,BREAD BIN DINER STYLE IVORY,16.95,1191,18890.09,482,2010-10-14 09:44:00,2011-12-08 14:38:00
22837,HOT WATER BOTTLE BABUSHKA,4.65,4015,18774.72,450,2010-10-06 16:17:00,2011-09-25 14:37:00
84945,MULTI COLOUR SILVER T-LIGHT HOLDER,0.85,22662,18617.8,653,2009-12-04 09:27:00,2011-12-09 12:31:00
21430,SET/3 RED GINGHAM ROSE STORAGE BOX,3.75,4751,18551.7,814,2009-12-01 09:46:00,2011-12-09 10:26:00
22147,FELTCRAFT BUTTERFLY HEARTS,1.45,13175,18425.55,1132,2009-12-01 12:13:00,2011-12-01 11:18:00
22505,MEMO BOARD COTTAGE DESIGN,4.95,3826,18357.68,744,2010-03-10 14:50:00,2011-12-09 11:59:00
22560,TRADITIONAL MODELLING CLAY,1.25,15226,18313.05,742,2010-03-25 12:41:00,2011-12-09 10:03:00
21914,BLUE HARMONICA IN BOX,1.25,13311,18198.1,963,2009-12-01 14:50:00,2011-12-09 12:16:00
22654,DELUXE SEWING KIT,5.95,2689,18177.57,597,2010-07-19 11:59:00,2011-12-09 10:26:00
22352,LUNCH BOX WITH CUTLERY RETROSPOT,2.55,7191,18115.87,1117,2009-12-01 09:28:00,2011-12-09 10:26:00
22776,SWEETHEART CAKESTAND 3 TIER,9.95,1763,18084.63,691,2010-10-17 11:20:00,2011-12-09 10:26:00
22297,HEART IVORY TRELLIS SMALL,1.25,13981,18064.1,969,2009-12-01 13:29:00,2011-12-08 10:53:00
79323W,WHITE CHERRY LIGHTS,6.75,3004,18048.72,349,2009-12-01 07:45:00,2010-09-16 09:07:00
22557,PLASTERS IN TIN VINTAGE PAISLEY,1.65,10620,17834.26,1126,2010-03-25 13:16:00,2011-12-09 10:26:00
20718,RED RETROSPOT SHOPPER BAG,1.25,13489,17740.0,1213,2009-12-01 11:50:00,2011-12-09 10:26:00
21136,PAINTED METAL PEARS ASSORTED,1.69,10652,17738.89,739,2009-12-01 11:45:00,2011-12-08 13:50:00
47591D,PINK FAIRY CAKE CHILDRENS APRON,1.95,9520,17698.87,1140,2009-12-01 11:21:00,2011-12-08 16:30:00
21889,WOODEN BOX OF DOMINOES,1.25,13231,17636.32,1123,2009-12-01 11:45:00,2011-12-09 10:03:00
84992,72 SWEETHEART FAIRY CAKE CASES,0.55,35438,17585.16,1460,2009-12-01 13:19:00,2011-12-08 15:31:00
21156,RETROSPOT CHILDRENS APRON,1.95,9399,17502.96,930,2009-12-01 13:16:00,2011-12-08 16:30:00
84467,ENGLISH ROSE DESIGN QUILTED THROW,25.49,816,17477.66,83,2009-12-06 12:10:00,2010-07-27 08:57:00
22366,DOORMAT AIRMAIL,7.95,2564,17445.64,568,2010-01-04 16:11:00,2011-12-08 17:57:00
84970L,SINGLE HEART ZINC T-LIGHT HOLDER,0.95,17637,17431.989999999998,1080,2009-12-01 13:47:00,2011-12-09 08:59:00
22652,TRAVEL SEWING KIT,1.65,10163,17265.28,830,2010-07-18 12:20:00,2011-11-15 16:38:00
35004C,SET OF 3 COLOURED  FLYING DUCKS,5.45,3284,17049.030000000002,355,2009-12-02 09:47:00,2011-03-07 14:33:00
23240,SET OF 4 KNICK KNACK TINS DOILY,4.15,4186,17037.52,536,2011-06-07 13:10:00,2011-12-09 08:48:00
21533,RETRO SPOT LARGE MILK JUG,4.95,3421,16992.57,954,2009-12-01 11:50:00,2011-12-09 08:48:00
21535,RED RETROSPOT SMALL MILK JUG,2.55,6811,16926.25,1111,2009-12-01 11:50:00,2011-12-08 17:24:00
21164,HOME SWEET HOME METAL SIGN,2.95,6058,16865.4,721,2009-12-01 14:28:00,2011-12-08 14:39:00
72760B,VINTAGE CREAM 3 BASKET CAKE STAND,9.95,1739,16794.94,494,2009-12-01 10:52:00,2011-12-09 08:48:00
22487,WHITE WOOD GARDEN PLANT LADDER,9.95,1647,16569.3,898,2010-03-05 16:02:00,2011-12-08 12:28:00
22191,IVORY DINER WALL CLOCK,8.5,2003,16522.05,620,2009-12-01 17:31:00,2011-12-08 18:03:00
22993,SET OF 4 PANTRY JELLY MOULDS,1.25,12672,16507.23,1073,2011-02-16 15:13:00,2011-12-09 12:19:00
84375,SET OF 20 KIDS COOKIE CUTTERS,2.1,7909,16504.32,796,2009-12-01 12:13:00,2011-12-09 10:26:00
21155,RED RETROSPOT PEG BAG,2.55,6734,16493.11,969,2009-12-01 13:41:00,2011-12-09 10:26:00
22296,HEART IVORY TRELLIS LARGE,1.65,9974,16456.859999999997,833,2009-12-01 09:06:00,2011-12-08 09:20:00
22662,LUNCH BAG DOLLY GIRL DESIGN,1.65,10069,16421.11,994,2010-07-19 12:22:00,2011-12-09 10:03:00
23301,GARDENERS KNEELING PAD KEEP CALM,1.65,8825,16357.05,913,2011-05-15 11:43:00,2011-12-09 11:26:00
22193,RED DINER WALL CLOCK,8.5,1938,16355.980000000001,617,2009-12-01 14:56:00,2011-12-09 10:26:00
22634,CHILDS BREAKFAST SET SPACEBOY,9.95,1726,16313.05,499,2010-05-20 09:27:00,2011-12-09 10:03:00
22619,SET OF 6 SOLDIER SKITTLES,3.75,4167,16261.07,708,2010-05-07 08:49:00,2011-12-09 10:26:00
22759,SET OF 3 NOTEBOOKS IN PARCEL,1.65,9541,16205.739999999998,795,2010-08-08 12:43:00,2011-11-30 11:08:00
22635,CHILDS BREAKFAST SET DOLLY GIRL,9.95,1693,16133.789999999999,485,2010-05-20 09:27:00,2011-12-07 14:43:00
21877,HOME SWEET HOME MUG,1.25,14187,16126.02,755,2009-12-01 14:40:00,2011-12-09 10:20:00
22367,CHILDRENS APRON SPACEBOY DESIGN,1.95,8170,16094.06,1156,2010-01-10 11:08:00,2011-12-09 12:50:00
22940,FELTCRAFT CHRISTMAS FAIRY,4.25,3672,16090.039999999999,586,2010-09-06 12:04:00,2011-12-09 10:03:00
22692,DOORMAT WELCOME TO OUR HOME,7.95,2141,16041.34,606,2010-06-28 13:53:00,2011-12-08 17:57:00
22690,DOORMAT HOME SWEET HOME BLUE,7.95,2543,15945.72,437,2010-06-28 13:53:00,2011-12-08 19:29:00
22170,PICTURE FRAME WOOD TRIPLE PORTRAIT,6.75,2422,15908.66,575,2009-12-02 13:33:00,2011-12-09 10:03:00
22333,RETROSPOT PARTY BAG + STICKER SET,1.65,10172,15877.369999999999,697,2009-12-01 09:28:00,2011-12-07 12:48:00
23313,VINTAGE CHRISTMAS BUNTING,4.95,2997,15833.310000000001,401,2011-07-12 15:15:00,2011-12-09 12:19:00
22749,FELTCRAFT PRINCESS CHARLOTTE DOLL,3.75,3876,15808.58,685,2010-09-08 10:54:00,2011-12-09 10:03:00
22173,METAL 4 HOOK HANGER FRENCH CHATEAU,2.95,5142,15783.7,997,2009-12-01 14:28:00,2011-12-09 10:26:00
22909,SET OF 20 VINTAGE CHRISTMAS NAPKINS,0.85,17706,15779.529999999999,1086,2010-09-16 16:15:00,2011-12-09 11:34:00
21891,TRADITIONAL WOODEN SKIPPING ROPE,1.25,12282,15756.65,835,2009-12-01 12:55:00,2011-12-08 18:22:00
21094,SET/6 RED SPOTTY PAPER PLATES,0.85,20161,15723.97,984,2009-12-01 11:45:00,2011-12-08 09:20:00
84378,SET OF 3 HEART COOKIE CUTTERS,1.25,11784,15596.13,1248,2009-12-01 14:28:00,2011-12-09 10:03:00
22730,ALARM CLOCK BAKELIKE IVORY,3.75,3877,15567.79,746,2010-09-24 12:05:00,2011-12-09 12:50:00
21844,RED RETROSPOT MUG,2.95,5443,15556.67,494,2009-12-01 11:50:00,2011-12-06 14:30:00
22365,DOORMAT RESPECTABLE HOUSE,7.95,2357,15518.93,443,2010-01-04 16:11:00,2011-12-08 16:30:00
22946,WOODEN ADVENT CALENDAR CREAM,16.95,992,15485.22,275,2010-09-16 12:27:00,2011-12-08 14:39:00
85232B,SET/3 RUSSIAN DOLL STACKING TINS,4.95,3088,15466.18,539,2009-12-01 09:28:00,2011-02-11 13:53:00
82582,AREA PATROLLED METAL SIGN,2.1,7637,15461.77,796,2009-12-01 09:06:00,2011-12-09 10:03:00
21122,SET/10 PINK POLKADOT PARTY CANDLES,1.25,12741,15455.06,807,2009-12-01 11:51:00,2011-12-09 12:16:00
84050,PINK HEART SHAPE EGG FRYING PAN,1.65,10529,15443.92,715,2009-12-01 12:30:00,2011-11-01 10:30:00
21975,PACK OF 60 DINOSAUR CAKE CASES,0.55,31575,15381.95,1303,2009-12-01 13:43:00,2011-12-08 12:43:00
21165,BEWARE OF THE CAT METAL SIGN,1.69,9450,15359.8,966,2009-12-01 14:28:00,2011-12-07 10:35:00
35970,ZINC FOLKART SLEIGH BELLS,1.69,8447,15257.26,692,2010-03-19 13:41:00,2011-12-09 10:26:00
22606,WOODEN SKITTLES GARDEN SET,15.95,1077,15009.539999999999,374,2010-04-08 19:40:00,2011-12-08 18:42:00
21912,VINTAGE SNAKES & LADDERS,3.75,3800,14968.49,828,2009-12-01 09:08:00,2011-12-09 10:26:00
22179,SET 10 LIGHTS NIGHT OWL,6.75,2094,14960.5,566,2009-12-01 10:46:00,2011-12-09 10:26:00
17003,BROCADE RING PURSE,0.29,71430,14959.19,456,2009-12-01 16:17:00,2011-12-08 16:30:00
22150,3 STRIPEY MICE FELTCRAFT,1.95,7969,14841.4,938,2009-12-01 12:13:00,2011-12-09 10:03:00
21770,OPEN CLOSED METAL SIGN,4.95,2996,14832.050000000001,651,2009-12-01 12:33:00,2011-12-08 17:37:00
22485,SET OF 2 WOODEN MARKET CRATES,12.75,1109,14779.84,419,2010-03-05 11:31:00,2011-12-09 09:08:00
21380,WOODEN HAPPY BIRTHDAY GARLAND,2.95,5057,14672.980000000001,651,2009-12-03 11:51:00,2011-12-02 10:22:00
21259,VICTORIAN SEWING BOX SMALL,5.95,2413,14564.08,655,2009-12-01 14:28:00,2011-12-09 10:03:00
21672,WHITE SPOT RED CERAMIC DRAWER KNOB,1.25,11210,14529.81,815,2009-12-01 10:49:00,2011-12-09 10:23:00
21257,VICTORIAN SEWING BOX MEDIUM,7.95,1596,14505.73,532,2009-12-01 14:19:00,2011-12-09 12:09:00
22804,CANDLEHOLDER PINK HANGING HEART,2.95,5393,14461.28,670,2010-09-23 11:21:00,2011-12-08 10:59:00
22295,HEART FILIGREE DOVE LARGE,1.65,8740,14426.649999999998,706,2009-12-01 09:06:00,2011-12-08 12:57:00
21169,YOU'RE CONFUSING ME METAL SIGN,1.69,8941,14426.42,772,2009-12-08 15:49:00,2011-12-09 12:00:00
22627,MINT KITCHEN SCALES,8.5,1642,14424.68,653,2010-05-04 10:02:00,2011-12-09 12:08:00
84380,SET OF 3 BUTTERFLY COOKIE CUTTERS,1.25,10540,14338.18,1114,2009-12-01 14:28:00,2011-12-09 11:34:00
20748,KENSINGTON COFFEE SET,12.75,1604,14317.980000000001,183,2009-12-01 11:51:00,2011-11-28 13:06:00
22444,GROW YOUR OWN PLANT IN A CAN,1.25,10419,14233.65,453,2010-03-23 11:41:00,2011-05-19 10:47:00
22271,FELTCRAFT DOLL ROSIE,2.95,4966,14218.250000000002,787,2009-12-01 09:08:00,2011-11-25 08:55:00
22109,FULL ENGLISH BREAKFAST PLATE,3.75,3436,14216.43,642,2009-12-01 09:06:00,2011-12-09 10:03:00
21098,CHRISTMAS TOILET ROLL,1.25,9038,14212.960000000001,596,2009-12-01 12:55:00,2011-12-09 10:03:00
23200,JUMBO BAG PEARS,2.08,7071,14197.28,595,2011-05-06 15:40:00,2011-12-09 10:03:00
21888,BINGO SET,3.75,3586,14171.59,825,2009-12-01 09:46:00,2011-12-05 11:58:00
22236,CAKE STAND 3 TIER MAGIC GARDEN,12.75,1141,14122.419999999998,421,2009-12-10 10:17:00,2011-11-23 16:34:00
21669,BLUE STRIPE CERAMIC DRAWER KNOB,1.25,10763,14092.17,805,2009-12-01 10:49:00,2011-12-09 11:34:00
22667,RECIPE BOX RETROSPOT,2.95,5013,14081.95,848,2010-07-09 17:17:00,2011-12-09 08:48:00
35400,WOODEN BOX ADVENT CALENDAR,8.95,1443,14070.699999999999,419,2009-12-01 09:08:00,2011-11-23 14:35:00
21668,RED STRIPE CERAMIC DRAWER KNOB,1.25,10464,14053.289999999999,825,2009-12-01 10:49:00,2011-12-09 11:34:00
23343,JUMBO BAG VINTAGE CHRISTMAS,2.08,6081,13978.95,476,2011-06-13 11:33:00,2011-12-09 12:19:00
21871,SAVE THE PLANET MUG,1.25,11698,13955.91,779,2009-12-01 07:45:00,2011-12-09 10:20:00
22621,TRADITIONAL KNITTING NANCY,1.65,8775,13863.409999999998,875,2010-05-06 18:01:00,2011-12-09 12:09:00
21539,RED RETROSPOT BUTTER DISH,4.95,2784,13853.59,709,2009-12-01 11:50:00,2011-11-01 14:54:00
22636,CHILDS BREAKFAST SET CIRCUS PARADE,8.5,1664,13821.23,489,2010-05-20 11:19:00,2011-12-08 15:03:00
79323P,PINK CHERRY LIGHTS,6.75,2281,13787.93,265,2009-12-01 07:45:00,2011-01-11 13:54:00
22846,BREAD BIN DINER STYLE RED,16.95,856,13767.32,346,2010-10-14 13:38:00,2011-12-08 10:33:00
22207,FRYING PAN UNION FLAG,4.25,3187,13724.41,480,2009-12-01 12:14:00,2011-12-09 10:26:00
23077,DOUGHNUT LIP GLOSS,1.25,10415,13720.77,344,2011-03-24 08:44:00,2011-12-09 11:59:00
47556B,TEA TIME TEA TOWELS,2.95,5202,13693.970000000001,449,2009-12-01 16:30:00,2011-04-18 13:20:00
21390,FILIGRIS HEART WITH BUTTERFLY,1.25,11025,13662.97,588,2009-12-02 13:57:00,2011-12-08 09:20:00
22198,LARGE POPCORN HOLDER,1.65,7807,13603.929999999998,646,2009-12-01 14:28:00,2011-02-21 11:35:00
22838,3 TIER CAKE TIN RED AND CREAM,14.95,940,13579.16,271,2010-10-14 12:49:00,2011-12-09 10:26:00
21673,WHITE SPOT BLUE CERAMIC DRAWER KNOB,1.25,10276,13568.06,763,2009-12-01 10:49:00,2011-12-09 11:34:00
22553,PLASTERS IN TIN SKULLS,1.65,8084,13529.259999999998,1090,2010-03-25 13:16:00,2011-12-09 10:26:00
23356,LOVE HOT WATER BOTTLE,5.95,2386,13494.970000000001,476,2011-08-22 12:52:00,2011-12-09 12:31:00
22584,PACK OF 6 PANNETONE GIFT BOXES,2.55,5291,13478.789999999999,589,2010-03-10 12:51:00,2011-12-08 16:22:00
22580,ADVENT CALENDAR GINGHAM SACK,5.95,2362,13420.52,495,2010-07-20 14:22:00,2011-12-09 10:03:00
23207,LUNCH BAG ALPHABET DESIGN,1.65,7851,13360.2,740,2011-04-11 16:47:00,2011-12-09 10:23:00
21935,SUKI  SHOULDER BAG,1.65,7209,13353.81,921,2009-12-01 14:28:00,2011-12-09 10:26:00
21704,BAG 250g SWIRLY MARBLES,0.85,17304,13347.599999999999,568,2009-12-01 14:28:00,2011-12-09 10:03:00
20676,RED RETROSPOT BOWL,1.25,10674,13346.66,966,2009-12-01 11:45:00,2011-12-08 15:31:00
23108,SET OF 10 LED DOLLY LIGHTS,6.25,2221,13303.019999999999,372,2011-05-11 10:18:00,2011-12-08 14:39:00
23328,SET 6 SCHOOL MILK BOTTLES IN CRATE,3.75,2845,13284.49,405,2011-08-08 15:42:00,2011-12-09 12:31:00
22464,HANGING METAL HEART LANTERN,1.65,8012,13277.22,784,2010-03-04 14:50:00,2011-12-09 11:56:00
22646,CERAMIC STRAWBERRY CAKE MONEY BANK,1.45,9309,13232.41,880,2010-05-14 15:41:00,2011-12-09 11:20:00
15044A,PINK PAPER PARASOL,2.95,4970,13228.550000000001,250,2009-12-07 11:46:00,2011-12-05 17:17:00
22766,PHOTO FRAME CORNICE,2.95,4475,13209.49,640,2010-10-10 12:45:00,2011-12-08 15:54:00
75049L,LARGE CIRCULAR MIRROR MOBILE,1.25,13993,13186.31,344,2009-12-02 11:24:00,2011-12-07 15:07:00
21906,PHARMACIE FIRST AID TIN,6.75,1819,13184.050000000001,424,2009-12-06 16:07:00,2011-12-09 10:03:00
22655,VINTAGE RED KITCHEN CABINET,125.0,77,13140.0,53,2010-07-12 10:43:00,2011-11-01 15:06:00
22947,WOODEN ADVENT CALENDAR RED,16.63,1026,13111.85,209,2010-09-16 12:27:00,2011-11-30 15:33:00
22088,PAPER BUNTING COLOURED LACE,2.95,4409,13109.34,619,2009-12-01 13:31:00,2011-07-06 10:41:00
84988,SET OF 72 PINK HEART PAPER DOILIES,1.45,8404,13075.15,1019,2009-12-01 09:57:00,2011-12-08 10:53:00
22144,CHRISTMAS CRAFT LITTLE FRIENDS,2.1,5382,13024.09,704,2009-12-01 14:28:00,2011-12-09 12:20:00
22834,HAND WARMER BABUSHKA DESIGN,2.1,7676,12923.25,597,2010-09-12 14:34:00,2011-12-09 11:59:00
22943,CHRISTMAS LIGHTS 10 VINTAGE BAUBLES,4.95,2607,12813.52,356,2010-10-21 10:47:00,2011-12-09 10:23:00
22616,PACK OF 12 LONDON TISSUES,0.29,40163,12764.06,825,2010-05-06 11:50:00,2011-12-09 10:03:00
22303,COFFEE MUG APPLES DESIGN,2.55,5452,12734.78,540,2009-12-01 11:45:00,2011-12-09 10:26:00
22623,BOX OF VINTAGE JIGSAW BLOCKS,4.95,2357,12687.380000000001,541,2010-05-06 20:01:00,2011-12-07 13:35:00
22082,RIBBON REEL STRIPES DESIGN,1.65,7535,12682.97,957,2009-12-01 11:41:00,2011-12-07 14:12:00
22301,COFFEE MUG CAT + BIRD DESIGN,2.55,5152,12522.06,643,2009-12-01 10:59:00,2011-12-09 10:26:00
15056P,EDWARDIAN PARASOL PINK,5.95,2529,12497.32,344,2009-12-01 16:17:00,2011-12-08 13:50:00
21671,RED SPOT CERAMIC DRAWER KNOB,1.25,9590,12474.38,727,2009-12-01 10:06:00,2011-12-09 10:23:00
62018,SOMBRERO,1.95,9570,12456.7,127,2009-12-02 15:51:00,2011-12-06 16:33:00
22631,CIRCUS PARADE LUNCH BOX,1.95,6334,12381.66,663,2010-03-14 12:18:00,2011-12-09 12:50:00
23174,REGENCY SUGAR BOWL GREEN,4.15,3057,12350.73,322,2011-05-10 10:34:00,2011-12-08 09:28:00
22791,T-LIGHT GLASS FLUTED ANTIQUE,1.25,9946,12336.710000000001,434,2010-10-22 11:41:00,2011-12-09 08:59:00
20969,RED FLORAL FELTCRAFT SHOULDER BAG,3.75,3294,12315.1,613,2009-12-01 12:14:00,2011-12-08 16:30:00
22192,BLUE DINER WALL CLOCK,8.5,1446,12291.76,543,2009-12-01 17:31:00,2011-12-08 18:03:00
21670,BLUE SPOT CERAMIC DRAWER KNOB,1.25,8997,12287.34,767,2009-12-01 10:49:00,2011-12-09 11:34:00
22729,ALARM CLOCK BAKELIKE ORANGE,3.75,3098,12272.63,612,2010-09-24 10:29:00,2011-12-04 14:51:00
20975,12 PENCILS SMALL TUBE RED RETROSPOT,0.65,18685,12266.78,902,2009-12-01 12:13:00,2011-12-08 13:50:00
21124,SET/10 BLUE SPOTTY PARTY CANDLES,1.25,10093,12254.050000000001,629,2009-12-01 11:51:00,2011-12-09 12:16:00
85042,ANTIQUE LILY FAIRY LIGHTS,4.95,2686,12239.51,292,2009-12-01 10:52:00,2010-11-16 12:50:00
22750,FELTCRAFT PRINCESS LOLA DOLL,3.75,3237,12121.47,647,2010-09-06 12:04:00,2011-12-08 15:36:00
21937,STRAWBERRY   PICNIC BAG,2.95,4123,12118.51,657,2009-12-02 13:20:00,2011-12-04 12:32:00
21154,RED RETROSPOT OVEN GLOVE,1.25,8402,12107.72,903,2009-12-01 14:28:00,2011-12-09 10:03:00
22968,ROSE COTTAGE KEEPSAKE BOX,9.95,1199,12002.01,306,2010-10-29 10:28:00,2011-12-08 16:30:00
21787,RAIN PONCHO RETROSPOT,0.85,15192,11993.16,469,2010-03-25 14:22:00,2011-12-09 10:03:00
21428,SET3 BOOK BOX GREEN GINGHAM FLOWER,4.25,2939,11992.93,465,2009-12-01 09:46:00,2011-12-06 14:35:00
21242,RED RETROSPOT PLATE,1.69,7123,11984.47,657,2009-12-01 11:50:00,2011-12-09 10:23:00
21326,AGED GLASS SILVER T-LIGHT HOLDER,0.65,18356,11972.480000000001,643,2009-12-01 11:37:00,2011-12-09 11:56:00
84212,"ASSORTED FLOWER COLOUR ""LEIS""",0.65,24801,11966.04,277,2009-12-06 11:58:00,2011-12-06 15:43:00
22243,5 HOOK HANGER RED MAGIC TOADSTOOL,1.65,7738,11960.96,388,2009-12-13 12:36:00,2011-11-30 11:31:00
22637,PIGGY BANK RETROSPOT,2.55,4624,11915.48,598,2010-05-20 10:42:00,2011-11-27 11:22:00
84987,SET OF 36 TEATIME PAPER DOILIES,1.45,8154,11896.699999999999,812,2009-12-01 16:34:00,2011-12-05 14:40:00
47567B,TEA TIME KITCHEN APRON,5.95,2199,11886.390000000001,348,2009-12-10 16:21:00,2011-12-05 17:28:00
22488,NATURAL SLATE RECTANGLE CHALKBOARD,1.65,6954,11879.169999999998,808,2010-03-05 11:31:00,2011-12-09 10:26:00
22468,BABUSHKA LIGHTS STRING OF 10,6.75,1778,11853.380000000001,413,2010-03-08 12:44:00,2011-12-08 10:53:00
22844,VINTAGE CREAM DOG FOOD CONTAINER,8.5,1252,11831.22,498,2010-10-17 13:40:00,2011-12-09 10:26:00
21260,FIRST AID TIN,3.25,3591,11821.18,534,2009-12-01 13:31:00,2011-12-08 13:50:00
23300,GARDENERS KNEELING PAD CUP OF TEA,1.65,6827,11815.689999999999,758,2011-05-15 11:43:00,2011-12-09 10:26:00
22508,DOORSTOP RETROSPOT HEART,3.75,2933,11787.79,697,2010-03-11 10:26:00,2011-12-08 16:30:00
21429,RED GINGHAM ROSE JEWELLERY BOX,1.65,6593,11785.98,997,2009-12-01 11:51:00,2011-12-08 16:30:00
22649,STRAWBERRY FAIRY CAKE TEAPOT,4.95,2340,11772.37,486,2010-05-14 15:41:00,2011-12-05 11:58:00
22151,PLACE SETTING WHITE HEART,0.42,27897,11754.85,716,2009-12-01 13:07:00,2011-12-09 10:10:00
22988,SOLDIERS EGG CUP,1.25,9748,11753.720000000001,446,2010-11-23 12:57:00,2011-12-09 10:03:00
22795,SWEETHEART RECIPE BOOK STAND,6.75,1666,11731.06,498,2010-10-17 10:42:00,2011-12-09 10:26:00
22740,POLKADOT PEN,0.85,13676,11711.49,300,2010-09-30 13:57:00,2011-09-26 13:57:00
37370,RETRO COFFEE MUGS ASSORTED,1.25,7504,11582.36,492,2009-12-01 09:08:00,2011-11-22 12:24:00
22694,WICKER STAR,2.1,5136,11576.1,858,2010-07-29 11:23:00,2011-12-09 11:34:00
22663,JUMBO BAG DOLLY GIRL DESIGN,2.08,5793,11531.86,688,2010-07-19 12:22:00,2011-12-09 10:26:00
21735,TWO DOOR CURIO CABINET,12.75,887,11503.15,262,2009-12-01 14:14:00,2011-09-16 13:53:00
21172,PARTY METAL SIGN,1.45,7759,11492.22,971,2009-12-01 11:41:00,2011-12-09 10:03:00
22768,FAMILY PHOTO FRAME CORNICE,9.95,1197,11484.06,354,2010-10-10 12:45:00,2011-12-09 10:03:00
22950,36 DOILIES VINTAGE CHRISTMAS,1.45,8334,11454.09,352,2010-09-19 13:02:00,2011-11-07 11:33:00
21868,POTTING SHED TEA MUG,1.25,9255,11408.72,881,2009-12-01 11:45:00,2011-12-05 17:17:00
47599A,PINK PARTY BAGS,2.1,6046,11348.58,369,2009-12-04 10:57:00,2011-12-02 16:04:00
22620,4 TRADITIONAL SPINNING TOPS,1.45,8361,11343.55,841,2010-05-09 16:10:00,2011-12-09 10:03:00
21922,UNION STRIPE WITH FRINGE  HAMMOCK,7.95,1452,11297.82,388,2010-04-11 10:16:00,2011-12-08 09:28:00
22130,PARTY CONE CHRISTMAS DECORATION,0.85,9972,11290.019999999999,424,2009-12-01 09:08:00,2011-12-08 19:57:00
72351B,SET/6 PINK  BUTTERFLY T-LIGHTS,2.1,5821,11271.04,499,2009-12-03 10:17:00,2011-12-07 13:53:00
22417,PACK OF 60 SPACEBOY CAKE CASES,0.55,21641,11258.890000000001,1103,2010-01-31 15:47:00,2011-12-08 12:43:00
21833,CAMOUFLAGE LED TORCH,1.69,6563,11218.49,444,2009-12-01 11:45:00,2011-12-09 10:03:00
22812,PACK 3 BOXES CHRISTMAS PANNETONE,1.95,5057,11181.279999999999,462,2010-09-15 13:36:00,2011-12-05 16:04:00
23170,REGENCY TEA PLATE ROSES,1.65,6869,11117.05,445,2011-05-10 10:34:00,2011-12-09 10:26:00
20828,GLITTER BUTTERFLY CLIPS,2.55,4481,11095.91,607,2009-12-01 11:41:00,2011-12-08 09:28:00
21907,I'M ON HOLIDAY METAL SIGN,2.1,5264,11068.43,771,2010-01-29 11:59:00,2011-12-07 15:56:00
22174,PHOTO CUBE,1.65,5449,11036.3,557,2009-12-01 12:13:00,2011-12-09 10:26:00
21498,RED RETROSPOT WRAP,0.42,27201,11031.42,802,2009-12-01 11:50:00,2011-12-08 15:03:00
22904,CALENDAR PAPER CUT DESIGN,2.95,3532,11003.04,463,2010-09-19 14:51:00,2011-11-17 12:43:00
21749,LARGE RED RETROSPOT WINDMILL,2.1,5661,10997.820000000002,286,2009-12-09 09:42:00,2011-11-29 16:33:00
21558,SKULL LUNCH BOX WITH CUTLERY,2.55,4261,10988.52,768,2009-12-01 12:32:00,2011-12-09 10:26:00
22595,GINGHAM HEART DECORATION,0.85,13024,10977.699999999999,796,2010-07-16 15:26:00,2011-12-08 13:59:00
22274,FELTCRAFT DOLL EMILY,2.95,3834,10973.7,656,2009-12-01 09:08:00,2011-12-08 09:20:00
22668,PINK BABY BUNTING,2.95,3604,10965.96,579,2010-07-07 16:29:00,2011-12-08 12:43:00
21086,SET/6 RED SPOTTY PAPER CUPS,0.65,16903,10950.150000000001,843,2009-12-01 11:45:00,2011-12-06 14:22:00
22466,FAIRY TALE COTTAGE NIGHTLIGHT,1.95,5879,10812.369999999999,394,2010-03-05 11:31:00,2011-12-09 12:31:00
22418,10 COLOUR SPACEBOY PEN,0.85,12732,10792.019999999999,586,2010-05-06 16:21:00,2011-12-09 10:03:00
22064,PINK DOUGHNUT TRINKET POT,1.65,6711,10791.56,693,2009-12-01 07:45:00,2011-12-09 10:03:00
21624,VINTAGE UNION JACK DOORSTOP,5.95,1787,10736.35,403,2009-12-01 12:47:00,2011-12-08 16:30:00
22348,TEA BAG PLATE RED RETROSPOT,0.85,12574,10715.13,961,2009-12-01 12:30:00,2011-12-09 10:03:00
21890,S/6 WOODEN SKITTLES IN COTTON BAG,2.95,3549,10658.800000000001,547,2009-12-01 12:13:00,2011-12-09 10:26:00
21974,SET OF 36 PAISLEY FLOWER DOILIES,1.45,7059,10656.3,808,2009-12-02 14:36:00,2011-12-08 10:53:00
82001S,VINYL RECORD FRAME SILVER,3.75,2956,10646.87,230,2009-12-01 09:50:00,2011-12-08 09:20:00
22725,ALARM CLOCK BAKELIKE CHOCOLATE,3.75,2591,10635.2,549,2010-09-24 13:04:00,2011-12-09 10:23:00
22349,DOG BOWL CHASING BALL DESIGN,3.75,2588,10619.289999999999,366,2009-12-01 07:46:00,2011-12-05 17:28:00
20754,RETROSPOT RED WASHING UP GLOVES,2.1,5159,10608.75,852,2009-12-01 09:50:00,2011-11-20 14:43:00
22645,CERAMIC HEART FAIRY CAKE MONEY BANK,1.45,5883,10607.08,741,2010-05-14 15:41:00,2011-12-09 11:20:00
21982,PACK OF 12 SUKI TISSUES,0.29,32827,10589.349999999999,718,2009-12-07 18:02:00,2011-12-09 10:03:00
22302,COFFEE MUG PEARS  DESIGN,2.55,4933,10510.3,396,2009-12-01 11:45:00,2011-12-09 10:26:00
22966,GINGERBREAD MAN COOKIE CUTTER,1.25,8506,10505.130000000001,732,2010-11-09 12:39:00,2011-12-09 10:26:00
22771,CLEAR DRAWER KNOB ACRYLIC EDWARDIAN,1.25,7762,10502.19,512,2010-10-17 11:23:00,2011-12-08 09:20:00
23208,LUNCH BAG VINTAGE LEAF DESIGN,1.65,6342,10498.01,668,2011-04-12 09:49:00,2011-12-09 10:23:00
22120,WELCOME  WOODEN BLOCK LETTERS,9.95,1030,10444.02,367,2009-12-01 14:14:00,2011-12-05 17:28:00
22180,RETROSPOT LAMP,9.95,1008,10443.01,410,2009-12-01 09:57:00,2011-11-07 12:06:00
22748,POPPY'S PLAYHOUSE KITCHEN,2.1,4263,10434.49,742,2010-09-24 14:42:00,2011-12-09 10:03:00
20682,RED RETROSPOT CHILDRENS UMBRELLA,3.25,3131,10414.78,589,2009-12-01 11:50:00,2011-12-08 09:20:00
22992,REVOLVER WOODEN RULER,1.95,5236,10379.84,348,2011-02-17 12:01:00,2011-12-09 12:16:00
21892,TRADITIONAL WOODEN CATCH CUP GAME,1.25,7972,10370.32,818,2009-12-01 12:13:00,2011-12-09 10:03:00
21781,MA CAMPAGNE CUTLERY BOX,14.95,671,10364.92,363,2009-12-01 12:30:00,2011-07-10 16:18:00
20979,36 PENCILS TUBE RED RETROSPOT,1.25,8219,10350.56,709,2009-12-01 12:47:00,2011-12-09 10:03:00
21531,RED RETROSPOT SUGAR JAM BOWL,2.55,4146,10349.47,776,2009-12-01 11:50:00,2011-12-07 08:03:00
22089,PAPER BUNTING VINTAGE PAISLEY,2.95,3516,10335.810000000001,552,2009-12-01 11:41:00,2011-12-05 09:03:00
21756,BATH BUILDING BLOCK WORD,5.95,1671,10317.36,581,2009-12-01 09:06:00,2011-12-08 13:22:00
22840,ROUND CAKE TIN VINTAGE RED,7.95,1354,10311.0,402,2010-10-13 16:17:00,2011-12-08 16:18:00
84880,WHITE WIRE EGG HOLDER,5.95,1807,10308.11,375,2009-12-03 18:13:00,2011-12-07 16:56:00
22380,TOY TIDY SPACEBOY,2.1,4998,10301.72,688,2010-01-22 16:28:00,2011-12-09 10:03:00
21488,RED WHITE SCARF  HOT WATER BOTTLE,3.95,2448,10285.980000000001,359,2009-12-01 12:14:00,2011-03-01 09:55:00
84792,ENCHANTED BIRD COATHANGER 5 HOOK,4.65,2327,10268.35,519,2009-12-01 16:34:00,2011-12-08 14:38:00
21033,JUMBO BAG CHARLIE AND LOLA TOYS,2.95,4632,10265.72,573,2009-12-01 09:24:00,2011-09-08 13:53:00
22970,LONDON BUS COFFEE MUG,2.55,4367,10224.75,317,2010-12-15 17:28:00,2011-12-08 15:03:00
22300,COFFEE MUG DOG + BALL DESIGN,2.55,4229,10192.1,526,2009-12-01 10:59:00,2011-12-09 10:03:00
22429,ENAMEL MEASURING JUG CREAM,4.25,2341,10124.39,625,2010-03-18 13:00:00,2011-12-09 10:26:00
22327,ROUND SNACK BOXES SET OF 4 SKULLS,2.95,3109,10095.79,646,2010-01-10 12:13:00,2011-12-09 10:26:00
22131,FOOD CONTAINER SET 3 LOVE HEART,1.95,5317,10070.49,692,2009-12-01 12:32:00,2011-12-08 10:53:00
23171,REGENCY TEA PLATE GREEN,1.65,6247,10051.99,381,2011-05-10 10:34:00,2011-12-09 10:26:00
22745,POPPY'S PLAYHOUSE BEDROOM,2.1,4097,10044.060000000001,703,2010-09-24 14:42:00,2011-12-09 10:03:00
79000,MOROCCAN TEA GLASS,0.85,12282,10001.32,436,2009-12-01 12:32:00,2011-09-12 16:14:00
22549,PICTURE DOMINOES,1.45,6688,9979.66,711,2010-03-25 13:41:00,2011-12-09 12:16:00
23076,ICE CREAM SUNDAE LIP GLOSS,1.25,8100,9965.76,277,2011-03-24 09:44:00,2011-12-09 10:03:00
20677,PINK POLKADOT BOWL,1.25,7907,9959.890000000001,760,2009-12-01 11:45:00,2011-12-08 15:31:00
22942,CHRISTMAS LIGHTS 10 SANTAS,8.5,1273,9916.68,246,2010-10-21 10:04:00,2011-12-09 10:46:00
20829,GLITTER HANGING BUTTERFLY STRING,2.1,4850,9892.24,481,2009-12-01 12:14:00,2011-12-08 16:30:00
22665,RECIPE BOX BLUE SKETCHBOOK DESIGN,2.95,3025,9852.58,703,2010-07-11 12:00:00,2011-11-25 11:36:00
16014,SMALL CHINESE STYLE SCISSOR,0.42,30370,9839.4,93,2009-12-03 16:49:00,2011-12-09 08:48:00
47570B,TEA TIME TABLE CLOTH,10.65,979,9686.17,224,2009-12-01 15:26:00,2011-03-29 15:18:00
35961,FOLKART ZINC HEART CHRISTMAS DEC,0.85,11563,9668.33,637,2009-12-01 14:28:00,2011-12-08 17:54:00
22767,TRIPLE PHOTO FRAME CORNICE,9.95,1022,9667.76,295,2010-10-10 12:45:00,2011-12-08 15:54:00
82552,WASHROOM METAL SIGN,1.45,7046,9659.57,794,2009-12-02 12:06:00,2011-12-09 10:26:00
20970,PINK FLORAL FELTCRAFT SHOULDER BAG,3.75,2547,9632.0,574,2009-12-01 10:59:00,2011-12-09 10:03:00
84030E,ENGLISH ROSE HOT WATER BOTTLE,4.25,2252,9625.51,485,2009-12-03 18:08:00,2011-12-08 19:24:00
23175,REGENCY MILK JUG PINK,3.25,3164,9600.15,329,2011-05-10 10:34:00,2011-12-09 10:03:00
22978,PANTRY ROLLING PIN,3.75,2465,9568.73,238,2011-02-17 13:28:00,2011-12-08 16:30:00
22121,NOEL WOODEN BLOCK LETTERS,5.95,1538,9536.28,438,2009-12-01 11:41:00,2011-12-09 10:03:00
21716,BOYS VINTAGE TIN SEASIDE BUCKET,2.55,3750,9531.74,496,2009-12-13 13:31:00,2011-12-09 10:03:00
84692,BOX OF 24 COCKTAIL PARASOLS,0.42,19467,9530.48,1122,2009-12-02 10:52:00,2011-12-09 12:31:00
21385,IVORY HANGING DECORATION  HEART,0.85,10998,9508.949999999999,690,2009-12-01 13:38:00,2011-12-08 09:28:00
22072,RED RETROSPOT TEA CUP AND SAUCER,3.75,2478,9502.26,511,2009-12-01 11:50:00,2011-12-09 09:07:00
21658,GLASS  BEURRE DISH,3.95,2263,9458.15,519,2009-12-01 14:49:00,2011-08-11 10:14:00
22195,LARGE HEART MEASURING SPOONS,1.65,5279,9456.599999999999,811,2009-12-01 07:46:00,2011-12-09 10:26:00
22357,KINGS CHOICE BISCUIT TIN,4.25,2094,9454.32,462,2010-01-07 11:31:00,2011-12-09 10:26:00
22219,LOVEBIRD HANGING DECORATION WHITE,0.85,9934,9427.66,1149,2009-12-01 09:57:00,2011-12-09 10:03:00
84032A,CHARLIE+LOLA PINK HOT WATER BOTTLE,2.95,3427,9427.62,662,2009-12-01 09:24:00,2011-12-09 11:20:00
22839,3 TIER CAKE TIN GREEN AND CREAM,14.95,598,9373.94,260,2010-10-14 14:11:00,2011-12-08 09:28:00
21745,GAOLERS KEYS DECORATIVE GARDEN,3.75,2737,9340.07,486,2009-12-01 13:31:00,2011-12-07 11:43:00
21243,PINK  POLKADOT PLATE,1.69,5660,9328.26,503,2009-12-01 13:41:00,2011-12-08 16:30:00
21041,RED RETROSPOT OVEN GLOVE DOUBLE,2.95,2732,9303.19,525,2009-12-01 09:50:00,2011-11-23 14:07:00
22656,VINTAGE BLUE KITCHEN CABINET,295.0,45,9290.0,37,2010-07-12 10:43:00,2011-10-12 13:14:00
23319,BOX OF 6 MINI 50'S CRACKERS,2.49,3739,9266.84,403,2011-07-07 12:38:00,2011-12-09 12:19:00
22110,BIRD HOUSE HOT WATER BOTTLE,2.55,2748,9263.87,512,2009-12-01 12:22:00,2011-12-09 10:23:00
22141,CHRISTMAS CRAFT TREE TOP ANGEL,2.1,3794,9254.710000000001,572,2009-12-01 14:28:00,2011-12-09 11:59:00
22244,3 HOOK HANGER MAGIC GARDEN,1.95,4830,9252.019999999999,431,2009-12-09 11:58:00,2011-09-28 15:50:00
22741,FUNKY DIVA PEN,0.85,10721,9248.689999999999,292,2010-09-30 14:46:00,2011-12-09 10:03:00
21777,RECIPE BOX WITH METAL HEART,7.95,1147,9242.460000000001,367,2009-12-01 12:14:00,2010-12-06 10:08:00
20747,PICCADILLY TEA SET,14.95,684,9239.87,108,2009-12-01 10:52:00,2010-05-16 12:07:00
22371,AIRLINE BAG VINTAGE TOKYO 78,4.25,1877,9221.01,684,2010-02-12 15:38:00,2011-12-09 10:26:00
21933,PINK VINTAGE PAISLEY PICNIC BAG,2.46,4151,9191.6,625,2009-12-02 11:53:00,2011-12-08 16:30:00
51008,AFGHAN SLIPPER SOCK PAIR,3.45,2865,9179.25,80,2009-12-02 08:58:00,2011-11-27 13:26:00
23318,BOX OF 6 MINI VINTAGE CRACKERS,2.49,3811,9167.390000000001,376,2011-07-04 10:17:00,2011-12-09 12:19:00
23080,RED METAL BOX TOP SECRET,8.25,1079,9158.87,257,2011-05-11 10:18:00,2011-12-09 10:26:00
21985,PACK OF 12 HEARTS DESIGN TISSUES,0.29,25708,9032.96,919,2009-12-01 11:58:00,2011-12-08 19:28:00
21715,GIRLS VINTAGE TIN SEASIDE BUCKET,2.55,3564,9017.8,487,2009-12-13 13:31:00,2011-12-08 13:50:00
22989,SET 2 PANTRY DESIGN TEA TOWELS,3.25,2815,9012.27,372,2011-02-03 17:01:00,2011-12-09 10:03:00
23439,HAND WARMER RED LOVE HEART,2.1,4027,8941.61,397,2011-08-24 14:23:00,2011-12-09 10:20:00
23322,LARGE WHITE HEART OF WICKER,2.95,3085,8925.410000000002,562,2011-06-12 12:01:00,2011-12-09 10:03:00
22215,CAKE STAND WHITE TWO TIER LACE,8.5,1098,8920.43,359,2009-12-01 13:31:00,2011-12-09 10:20:00
21042,RED RETROSPOT APRON,5.95,1505,8914.48,399,2009-12-01 14:40:00,2011-12-08 10:53:00
20974,12 PENCILS SMALL TUBE SKULL,0.65,13511,8895.24,822,2009-12-01 12:47:00,2011-12-09 12:20:00
22212,FOUR HOOK  WHITE LOVEBIRDS,2.1,4114,8869.28,828,2009-12-01 11:41:00,2011-12-09 10:03:00
84839,SWEETHEART KEY CABINET,6.75,1538,8848.3,393,2009-12-01 13:19:00,2010-10-26 13:39:00
22895,SET OF 2 TEA TOWELS APPLE AND PEARS,3.25,2898,8823.52,411,2010-09-24 16:50:00,2011-12-09 10:23:00
85049E,SCANDINAVIAN REDS RIBBONS,1.25,6524,8750.01,830,2009-12-01 11:45:00,2011-12-09 12:20:00
21135,VICTORIAN  METAL POSTCARD SPRING,1.69,6080,8727.789999999999,405,2009-12-02 12:13:00,2011-12-08 10:40:00
22751,FELTCRAFT PRINCESS OLIVIA DOLL,3.75,2332,8716.45,466,2010-09-05 10:54:00,2011-12-09 10:03:00
21980,PACK OF 12 RED RETROSPOT TISSUES,0.29,31551,8714.44,676,2009-12-01 11:58:00,2011-12-09 10:03:00
22283,6 EGG HOUSE PAINTED WOOD,7.95,1050,8692.55,382,2009-12-01 14:14:00,2011-12-08 15:54:00
23256,CHILDRENS CUTLERY SPACEBOY,4.15,2115,8675.37,368,2011-04-07 11:30:00,2011-12-09 12:50:00
72807C,SET/3 VANILLA SCENTED CANDLE IN BOX,4.25,2019,8667.49,345,2009-12-01 14:28:00,2011-11-25 14:25:00
21381,MINI WOODEN HAPPY BIRTHDAY GARLAND,1.69,5149,8649.91,532,2009-12-03 17:57:00,2011-12-06 11:58:00
22073,RED RETROSPOT STORAGE JAR,3.75,2176,8647.13,474,2009-12-01 11:50:00,2011-05-04 13:17:00
23534,WALL ART STOP FOR TEA,5.95,1388,8614.85,260,2011-10-02 14:37:00,2011-12-09 10:03:00
22078,RIBBON REEL LACE DESIGN,2.1,4044,8580.16,480,2009-12-02 16:52:00,2011-12-09 08:59:00
23082,SET 6 PAPER TABLE LANTERN HEARTS,3.75,2333,8577.51,297,2011-05-11 11:57:00,2011-12-09 10:03:00
22354,RETROSPOT PADDED SEAT CUSHION,3.75,2258,8567.06,280,2009-12-02 12:06:00,2011-12-06 16:26:00
21769,VINTAGE POST OFFICE CABINET,79.95,134,8562.52,48,2009-12-03 10:51:00,2010-12-07 16:43:00
22358,KINGS CHOICE TEA CADDY,2.95,2694,8561.900000000001,605,2010-01-06 13:56:00,2011-12-09 10:26:00
23078,ICE CREAM PEN LIP GLOSS,1.25,6831,8553.34,257,2011-03-24 10:40:00,2011-12-07 12:11:00
22079,RIBBON REEL HEARTS DESIGN,1.65,5080,8553.04,684,2009-12-01 12:22:00,2011-12-07 14:12:00
21932,SCANDINAVIAN PAISLEY PICNIC BAG,2.46,3889,8549.47,649,2009-12-02 11:53:00,2011-12-09 10:03:00
21186,WHITE DOVE HONEYCOMB PAPER GARLAND,1.65,5277,8540.42,369,2009-12-01 12:13:00,2010-12-14 15:52:00
21411,GINGHAM HEART  DOORSTOP RED,4.25,2131,8534.49,624,2009-12-01 09:24:00,2011-12-09 10:26:00
23493,VINTAGE DOILY TRAVEL SEWING KIT,1.95,3970,8509.68,415,2011-09-22 12:13:00,2011-12-09 10:26:00
48189,DOOR MAT FRIENDSHIP,7.49,1323,8494.01,274,2009-12-01 14:14:00,2011-04-26 10:32:00
79323LP,LIGHT PINK CHERRY LIGHTS,6.75,1433,8481.19,170,2009-12-01 11:45:00,2010-10-25 16:08:00
23321,SMALL WHITE HEART OF WICKER,1.65,4737,8473.269999999999,629,2011-06-09 12:21:00,2011-12-08 13:47:00
23535,WALL ART BICYCLE SAFETY,5.95,1329,8469.99,215,2011-10-02 14:37:00,2011-12-09 10:20:00
22329,ROUND CONTAINER SET OF 5 RETROSPOT,1.65,5174,8463.749999999998,610,2010-01-10 11:08:00,2011-12-09 10:03:00
21244,BLUE POLKADOT PLATE,1.69,5161,8452.07,445,2009-12-01 11:34:00,2011-12-06 10:05:00
21874,GIN AND TONIC MUG,1.25,6489,8451.84,617,2009-12-02 14:34:00,2011-12-09 10:26:00
22275,WEEKEND BAG VINTAGE ROSE PAISLEY,8.5,1019,8437.18,313,2009-12-01 11:17:00,2010-12-02 16:51:00
22628,PICNIC BOXES SET OF 3 RETROSPOT,4.95,1752,8428.28,350,2010-07-01 11:59:00,2011-12-09 08:48:00
21934,SKULL SHOULDER BAG,1.65,4648,8402.97,725,2009-12-01 12:13:00,2011-12-09 10:26:00
22689,DOORMAT MERRY CHRISTMAS RED,7.95,1094,8382.62,264,2010-06-28 13:53:00,2011-11-28 15:54:00
22738,RIBBON REEL SNOWY VILLAGE,1.65,4636,8382.54,498,2010-09-16 12:20:00,2011-12-09 10:23:00
85049A,TRADITIONAL CHRISTMAS RIBBONS,1.25,6337,8362.4,667,2009-12-01 11:45:00,2011-12-09 12:20:00
85067,CREAM SWEETHEART WALL CABINET,18.95,504,8347.59,175,2009-12-01 13:16:00,2011-01-13 15:18:00
85064,CREAM SWEETHEART LETTER RACK,5.45,1789,8327.01,279,2009-12-01 13:19:00,2011-01-27 12:40:00
21238,RED RETROSPOT CUP,0.85,9589,8266.53,903,2009-12-01 11:45:00,2011-12-09 10:23:00
84032B,CHARLIE + LOLA RED HOT WATER BOTTLE,2.95,3430,8228.09,601,2009-12-01 09:24:00,2011-12-09 11:20:00
22504,CABIN BAG VINTAGE RETROSPOT,29.95,374,8224.63,115,2010-05-04 15:45:00,2011-12-05 16:37:00
22796,PHOTO FRAME 3 CLASSIC HANGING,9.95,823,8223.439999999999,316,2010-10-10 11:32:00,2011-12-08 15:54:00
22890,NOVELTY BISCUITS CAKE STAND 3 TIER,9.95,839,8213.47,260,2010-10-14 17:13:00,2011-12-09 10:03:00
22055,MINI CAKE STAND  HANGING STRAWBERY,1.65,4945,8212.189999999999,724,2009-12-01 14:19:00,2011-12-08 15:44:00
20675,BLUE POLKADOT BOWL,1.25,6573,8190.41,693,2009-12-01 11:34:00,2011-12-08 15:31:00
82551,LAUNDRY 15C METAL SIGN,1.45,5690,8163.849999999999,751,2009-12-01 11:21:00,2011-12-08 16:30:00
21116,OWL DOORSTOP,8.29,1386,8099.22,534,2009-12-01 14:28:00,2011-12-05 17:24:00
84508A,CAMOUFLAGE DESIGN TEDDY,2.55,3811,8096.580000000001,108,2009-12-01 14:19:00,2011-09-21 09:54:00
21115,ROSE CARAVAN DOORSTOP,6.75,1262,8065.7300000000005,431,2009-12-01 12:32:00,2011-12-09 10:26:00
84568,GIRLS ALPHABET IRON ON PATCHES,0.42,38574,8062.71,310,2009-12-01 10:46:00,2011-12-09 10:03:00
22588,CARD HOLDER GINGHAM HEART,2.55,2929,8053.97,483,2010-07-16 15:26:00,2011-12-08 16:30:00
22592,CARDHOLDER HOLLY WREATH METAL,3.75,2001,8043.33,304,2010-07-27 09:05:00,2011-12-09 10:03:00
21870,I CAN ONLY PLEASE ONE PERSON MUG,1.25,6398,8025.53,630,2009-12-01 11:45:00,2011-08-24 09:36:00
22784,LANTERN CREAM GAZEBO,4.95,1598,7984.070000000001,369,2010-10-22 10:59:00,2011-12-08 19:55:00
22350,ILLUSTRATED CAT BOWL,2.55,2861,7954.5599999999995,331,2009-12-01 07:46:00,2011-12-08 17:57:00
21875,KINGS CHOICE MUG,1.25,6860,7953.570000000001,414,2009-12-01 11:45:00,2011-12-09 09:08:00
22809,SET OF 6 T-LIGHTS SANTA,2.95,2662,7950.900000000001,379,2010-09-20 12:21:00,2011-12-09 10:03:00
21976,PACK OF 60 MUSHROOM CAKE CASES,0.55,14818,7946.030000000001,950,2009-12-01 11:50:00,2011-12-09 10:03:00
22353,LUNCH BOX WITH CUTLERY FAIRY CAKES,2.55,3045,7933.19,493,2009-12-01 07:46:00,2011-05-08 12:58:00
22813,PACK 3 BOXES BIRD PANNETONE,1.95,4039,7881.03,373,2010-09-16 18:09:00,2011-12-09 10:26:00
21588,RETROSPOT GIANT TUBE MATCHES,2.55,3398,7868.4,284,2009-12-01 11:45:00,2011-12-08 11:43:00
22165,"DIAMANTE HEART SHAPED WALL MIRROR,",11.02,991,7844.22,272,2009-12-01 14:44:00,2011-12-09 10:46:00
20717,STRAWBERRY SHOPPER BAG,1.25,6342,7840.98,757,2009-12-04 10:57:00,2011-12-09 10:26:00
22669,RED BABY BUNTING,2.95,2439,7838.37,438,2010-07-06 14:46:00,2011-12-08 12:43:00
22550,HOLIDAY FUN LUDO,3.75,2091,7835.96,425,2010-03-25 13:41:00,2011-12-08 13:04:00
21110,LARGE CAKE TOWEL PINK SPOTS,6.75,1652,7830.83,329,2009-12-01 14:28:00,2011-11-25 15:23:00
23238,SET OF 4 KNICK KNACK TINS LONDON,4.15,1862,7825.56,274,2011-06-07 14:03:00,2011-12-09 12:09:00
23007,SPACEBOY BABY GIFT SET,16.95,499,7758.699999999999,184,2011-03-09 12:37:00,2011-12-09 10:03:00
22493,PAINT YOUR OWN CANVAS SET,1.65,4822,7758.69,418,2010-05-07 09:04:00,2011-12-08 16:29:00
22798,ANTIQUE GLASS DRESSING TABLE POT,2.95,2491,7752.21,356,2010-10-22 13:27:00,2011-12-09 10:20:00
21361,LOVE LARGE WOOD LETTERS,12.75,587,7750.07,286,2010-02-11 12:31:00,2011-07-22 17:21:00
22739,RIBBON REEL CHRISTMAS SOCK BAUBLE,1.65,4199,7744.26,601,2010-09-16 12:20:00,2011-12-08 16:30:00
23204,CHARLOTTE BAG APPLES DESIGN,0.85,7976,7741.94,583,2011-04-11 16:47:00,2011-12-09 10:23:00
84968C,SET OF 16 VINTAGE PISTACHIO CUTLERY,12.75,644,7731.24,191,2009-12-01 12:33:00,2011-11-23 12:05:00
22945,CHRISTMAS METAL TAGS ASSORTED,0.85,7857,7722.19,338,2010-09-19 11:25:00,2011-12-08 09:28:00
22242,"HOOK, 5 HANGER , MAGIC TOADSTOOL",1.65,4835,7692.989999999999,368,2009-12-10 18:36:00,2011-02-16 10:32:00
22779,WOODEN OWLS LIGHT GARLAND,4.25,2024,7666.639999999999,193,2010-10-24 11:14:00,2011-12-08 12:57:00
22360,GLASS JAR ENGLISH CONFECTIONERY,2.95,2536,7662.45,425,2009-12-13 13:39:00,2011-12-08 12:43:00
22199,FRYING PAN RED RETROSPOT,4.25,1863,7643.67,405,2009-12-01 10:06:00,2011-12-09 11:20:00
22224,WHITE LOVEBIRD LANTERN,2.95,2404,7637.150000000001,401,2009-12-01 14:28:00,2011-12-09 10:03:00
22528,GARDENERS KNEELING PAD,1.25,5831,7634.27,554,2010-03-26 13:03:00,2010-12-07 15:31:00
21463,MIRRORED DISCO BALL,5.95,1376,7629.46,302,2009-12-01 13:19:00,2011-12-07 10:11:00
22489,PACK OF 12 TRADITIONAL CRAYONS,0.42,18076,7618.0199999999995,785,2010-03-02 16:36:00,2011-12-09 10:03:00
22991,GIRAFFE WOODEN RULER,1.95,3889,7608.79,274,2011-02-17 12:01:00,2011-12-09 12:16:00
22827,RUSTIC  SEVENTEEN DRAWER SIDEBOARD,165.0,49,7605.0,35,2010-10-21 13:02:00,2011-11-17 19:58:00
22465,HANGING METAL STAR LANTERN,1.65,4686,7581.9,461,2010-03-04 14:45:00,2011-12-09 11:56:00
85065,CREAM SWEETHEART TRAYS,12.75,624,7575.44,256,2009-12-02 10:52:00,2010-10-29 09:57:00
82580,BATHROOM METAL SIGN,0.55,13400,7558.360000000001,1336,2009-12-01 09:50:00,2011-12-09 10:26:00
85174,S/4 CACTI CANDLES,4.95,1534,7555.39,357,2009-12-01 13:47:00,2011-12-09 10:26:00
11001,ASSTD DESIGN RACING CAR PEN,1.69,4885,7509.97,251,2009-12-01 14:28:00,2011-12-06 16:26:00
21746,SMALL RED RETROSPOT WINDMILL,1.25,5970,7478.37,488,2009-12-01 14:28:00,2011-11-29 08:07:00
21876,POTTERING MUG,1.25,5728,7472.99,623,2009-12-01 11:21:00,2011-12-09 10:26:00
21114,LAVENDER SCENTED FABRIC HEART,1.25,5783,7462.16,494,2009-12-01 12:47:00,2011-12-04 13:55:00
22644,CERAMIC CHERRY CAKE MONEY BANK,1.45,5095,7451.74,610,2010-05-14 15:41:00,2011-12-09 11:20:00
72351A,SET/6 TURQUOISE BUTTERFLY T-LIGHTS,2.1,3762,7442.1900000000005,399,2009-12-02 15:10:00,2011-12-08 16:14:00
22626,BLACK KITCHEN SCALES,8.5,867,7430.96,339,2010-04-30 15:57:00,2011-12-08 17:24:00
22282,12 EGG HOUSE PAINTED WOOD,12.75,565,7406.65,216,2009-12-01 11:41:00,2011-12-08 15:54:00
22029,SPACEBOY BIRTHDAY CARD,0.42,17895,7405.97,1101,2009-12-01 09:46:00,2011-12-09 10:03:00
21737,SET 3 WICKER LOG BASKETS,19.95,400,7402.5599999999995,164,2009-12-01 12:14:00,2010-10-18 12:58:00
23382,BOX OF 6 CHRISTMAS CAKE DECORATIONS,3.75,1875,7356.18,220,2011-10-13 13:42:00,2011-12-09 11:34:00
21561,DINOSAUR LUNCH BOX WITH CUTLERY,2.55,2988,7354.87,522,2009-12-01 12:13:00,2011-12-08 16:30:00
22907,PACK OF 20 NAPKINS PANTRY DESIGN,0.85,8745,7329.99,829,2010-09-16 13:06:00,2011-12-09 12:16:00
22567,20 DOLLY PEGS RETROSPOT,1.25,5810,7312.82,506,2010-03-26 13:13:00,2011-12-09 12:20:00
21625,VINTAGE UNION JACK APRON,6.95,1016,7297.42,334,2009-12-01 13:29:00,2011-12-07 15:07:00
22577,WOODEN HEART CHRISTMAS SCANDINAVIAN,0.85,14165,7283.0199999999995,832,2010-07-18 11:31:00,2011-12-09 10:03:00
22781,GUMBALL MAGAZINE RACK,7.65,890,7259.42,307,2010-10-17 10:56:00,2011-12-08 16:30:00
23083,SET 6 PAPER TABLE LANTERN STARS,3.75,1933,7254.650000000001,246,2011-05-15 11:17:00,2011-12-09 10:03:00
22414,DOORMAT NEIGHBOURHOOD WITCH,7.95,1192,7249.34,220,2010-01-10 11:47:00,2011-12-08 10:53:00
22618,COOKING SET RETROSPOT,9.95,742,7223.15,242,2010-03-14 16:18:00,2011-05-06 19:37:00
21700,BIG DOUGHNUT FRIDGE MAGNETS,0.85,6470,7219.46,525,2009-12-01 12:18:00,2011-12-07 13:46:00
21981,PACK OF 12 WOODLAND TISSUES,0.29,26472,7213.86,553,2009-12-02 11:45:00,2011-12-09 10:03:00
37450,CERAMIC CAKE BOWL + HANGING CAKES,2.95,2475,7129.39,391,2009-12-01 10:49:00,2011-12-08 15:31:00
22187,GREEN CHRISTMAS TREE CARD HOLDER,4.25,2159,7117.75,364,2009-12-01 14:14:00,2011-12-09 10:26:00
23236,STORAGE TIN VINTAGE DOILY,2.89,2509,7106.21,327,2011-06-08 12:44:00,2011-12-08 16:30:00
10002,INFLATABLE POLITICAL GLOBE,0.85,8836,7097.9,362,2009-12-01 09:08:00,2011-04-18 12:56:00
22810,SET OF 6 T-LIGHTS SNOWMEN,2.95,2312,7092.080000000001,328,2010-09-20 12:21:00,2011-12-05 17:36:00
21984,PACK OF 12 PINK PAISLEY TISSUES,0.29,25509,7077.05,432,2009-12-02 14:36:00,2011-12-09 10:03:00
21107,CREAM SLICE FLANNEL PINK SPOT,2.95,2463,7075.400000000001,313,2009-12-02 09:21:00,2011-12-06 16:26:00
23320,GIANT 50'S CHRISTMAS CRACKER,2.89,2668,7072.16,333,2011-07-05 12:47:00,2011-12-09 11:34:00
23215,JINGLE BELL HEART ANTIQUE SILVER,2.08,3567,7044.64,210,2011-06-01 12:19:00,2011-12-09 12:16:00
21992,VINTAGE PAISLEY STATIONERY SET,2.46,3437,7039.27,656,2009-12-02 11:53:00,2011-11-15 14:48:00
21497,FANCY FONTS BIRTHDAY WRAP,0.42,17625,7030.5,485,2009-12-01 14:40:00,2011-12-09 12:16:00
23543,WALL ART KEEP CALM,8.25,1237,7019.01,103,2011-10-03 11:26:00,2011-12-08 18:43:00
21903,MAN FLU METAL SIGN,2.1,3476,7018.1900000000005,407,2009-12-03 14:39:00,2011-12-08 15:51:00
22563,HAPPY STENCIL CRAFT,1.25,6012,7012.610000000001,533,2010-03-24 13:15:00,2011-12-08 16:30:00
22938,CUPCAKE LACE PAPER SET 6,1.95,3746,7006.299999999999,273,2010-09-20 14:38:00,2011-12-08 16:30:00
23283,DOORMAT VINTAGE LEAF,7.95,994,7003.38,233,2011-04-27 13:06:00,2011-12-08 19:29:00
23293,SET OF 12 FAIRY CAKE BAKING CASES,0.83,8486,7001.99,552,2011-07-12 15:56:00,2011-12-09 12:19:00
22498,WOODEN REGATTA BUNTING,5.95,1141,6969.4400000000005,381,2010-02-03 13:09:00,2011-12-09 10:26:00
22845,VINTAGE CREAM CAT FOOD CONTAINER,6.35,1026,6967.9,394,2010-10-15 15:38:00,2011-12-09 10:26:00
22780,LIGHT GARLAND BUTTERFILES PINK,4.25,1850,6963.38,179,2010-10-22 11:07:00,2011-12-08 12:57:00
37448,CERAMIC CAKE DESIGN SPOTTED MUG,1.49,4640,6962.8,528,2009-12-01 14:19:00,2011-12-08 15:31:00
22377,BOTTLE BAG RETROSPOT,2.1,3623,6935.68,435,2010-01-26 11:33:00,2011-12-08 09:28:00
23254,CHILDRENS CUTLERY DOLLY GIRL,4.15,1710,6932.16,299,2011-04-07 11:30:00,2011-12-09 12:50:00
35004B,SET OF 3 BLACK FLYING DUCKS,5.79,1500,6932.150000000001,275,2009-12-01 09:06:00,2011-12-09 11:34:00
21563,RED HEART SHAPE LOVE BUCKET,2.95,2802,6931.790000000001,362,2009-12-02 14:43:00,2011-12-09 10:46:00
20973,12 PENCIL SMALL TUBE WOODLAND,0.65,10066,6930.47,658,2010-03-17 12:19:00,2011-12-09 10:03:00
22378,WALL TIDY RETROSPOT,2.1,3783,6924.5199999999995,546,2010-01-25 15:07:00,2011-12-09 10:26:00
21768,WALL MOUNTED VINTAGE ORGANISER,14.95,510,6924.04,163,2009-12-01 13:47:00,2010-11-15 09:32:00
22311,OFFICE MUG WARMER BLACK+SILVER,2.95,2154,6923.9,300,2009-12-01 14:28:00,2011-12-06 16:33:00
22085,PAPER CHAIN KIT SKULLS,2.95,2546,6907.47,230,2009-12-01 12:30:00,2011-12-09 10:03:00
22220,CAKE STAND LOVEBIRD 2 TIER WHITE,9.95,747,6905.339999999999,270,2009-12-02 15:51:00,2011-12-09 10:20:00
23109,PACK OF SIX LED TEA LIGHTS,2.89,2401,6878.37,268,2011-05-11 12:43:00,2011-12-08 16:30:00
22575,METAL MERRY CHRISTMAS WREATH,1.95,3199,6876.45,330,2010-07-18 15:45:00,2011-12-05 16:03:00
37500,TEA TIME TEAPOT IN GIFT BOX,9.95,887,6869.719999999999,263,2009-12-01 12:33:00,2011-12-09 12:20:00
22431,WATERING CAN BLUE ELEPHANT,1.95,3406,6865.03,620,2010-02-22 10:24:00,2011-12-08 18:15:00
22430,ENAMEL WATERING CAN CREAM,4.95,1414,6861.1900000000005,356,2010-05-14 15:37:00,2011-12-08 12:07:00
23103,JINGLE BELL HEART DECORATION,1.65,4080,6859.359999999999,365,2011-05-11 12:44:00,2011-12-09 10:51:00
22746,POPPY'S PLAYHOUSE LIVINGROOM,2.1,2979,6858.92,564,2010-09-24 16:50:00,2011-12-08 16:30:00
47502,POLKADOT CUTLERY 24 PCS IN TRAY,12.75,640,6855.75,79,2009-12-09 09:42:00,2010-09-13 12:26:00
22059,CERAMIC STRAWBERRY DESIGN MUG,1.49,5084,6847.349999999999,458,2009-12-03 07:25:00,2011-12-09 11:20:00
23541,WALL ART CLASSIC PUDDINGS,8.25,872,6823.91,152,2011-10-02 14:37:00,2011-12-06 16:26:00
21989,PACK OF 20 SKULL PAPER NAPKINS,0.85,8584,6822.88,654,2009-12-01 09:08:00,2011-12-09 10:26:00
47599B,BLUE PARTY BAGS,2.1,3568,6822.14,286,2010-01-11 09:53:00,2011-12-02 16:04:00
85175,CACTI T-LIGHT CANDLES,0.42,15922,6808.38,442,2009-12-01 13:47:00,2011-11-28 11:18:00
22898,CHILDRENS APRON APPLES DESIGN,1.95,3263,6805.23,471,2010-09-26 12:51:00,2011-12-09 10:23:00
23297,SET 40 HEART SHAPE PETIT FOUR CASES,1.65,4303,6792.23,161,2011-07-12 15:56:00,2011-11-22 16:47:00
22432,WATERING CAN PINK BUNNY,1.95,3559,6792.11,517,2010-02-18 15:19:00,2011-12-08 18:15:00
23008,DOLLY GIRL BABY GIFT SET,16.95,435,6753.509999999999,133,2011-03-09 15:20:00,2011-12-08 16:30:00
23229,VINTAGE DONKEY TAIL GAME,3.75,1869,6739.71,256,2011-06-14 12:09:00,2011-12-09 12:16:00
22221,CAKE STAND LOVEBIRD 2 TIER PINK,9.95,907,6732.66,156,2009-12-17 13:15:00,2011-12-08 12:50:00
22661,CHARLOTTE BAG DOLLY GIRL DESIGN,0.85,8319,6730.55,631,2010-07-19 12:22:00,2011-12-08 16:30:00
22526,WHEELBARROW FOR CHILDREN,12.75,546,6727.91,207,2010-03-26 13:05:00,2011-12-09 10:26:00
23480,MINI LIGHTS WOODLAND MUSHROOMS,3.75,1800,6726.64,215,2011-10-19 15:09:00,2011-12-09 12:19:00
23247,BISCUIT TIN 50'S CHRISTMAS,2.89,2206,6715.93,309,2011-06-08 13:09:00,2011-12-09 10:03:00
21592,RETROSPOT CIGAR BOX MATCHES,1.25,5991,6695.35,476,2009-12-01 10:06:00,2011-12-08 14:39:00
22080,RIBBON REEL SPOTS DESIGN,1.65,3987,6685.13,519,2009-12-01 11:41:00,2011-12-09 12:16:00
85047,WHITE BEADED GARLAND STRING 20LIGHT,6.35,1054,6683.379999999999,236,2009-12-01 13:07:00,2011-01-27 15:36:00
23169,CLASSIC GLASS COOKIE JAR,4.15,1558,6671.14,314,2011-05-12 10:10:00,2011-12-06 17:49:00
21494,ROTATING LEAVES T-LIGHT HOLDER,1.66,3932,6670.58,501,2009-12-01 14:28:00,2011-12-09 10:26:00
85014D,PINK/BROWN DOTS RUFFLED UMBRELLA,5.95,1919,6670.4,90,2009-12-01 11:37:00,2010-03-29 14:19:00
85068,CREAM SWEETHEART SHELF + HOOKS,7.95,961,6655.1900000000005,197,2009-12-01 14:19:00,2010-11-15 09:32:00
85062,PEARL CRYSTAL PUMPKIN T-LIGHT HLDR,1.65,4049,6638.249999999999,342,2009-12-10 14:46:00,2011-12-07 14:34:00
22142,CHRISTMAS CRAFT WHITE FAIRY,1.45,4419,6637.04,503,2009-12-01 09:06:00,2011-12-09 10:26:00
21240,BLUE POLKADOT CUP,0.85,7643,6600.87,769,2009-12-01 11:45:00,2011-12-08 11:21:00
16156S,WRAP PINK FAIRY CAKES,0.42,16761,6600.62,419,2009-12-01 18:35:00,2011-12-08 12:29:00
79067,CORONA MEXICAN TRAY,3.75,1662,6593.83,396,2009-12-01 12:02:00,2010-12-21 15:20:00
84968A,SET OF 16 VINTAGE ROSE CUTLERY,12.75,533,6589.08,204,2009-12-03 14:39:00,2011-12-04 15:13:00
22849,BREAD BIN DINER STYLE MINT,16.95,419,6577.03,162,2010-10-14 09:44:00,2011-10-20 10:41:00
22833,HALL CABINET WITH 3 DRAWERS,49.95,193,6567.169999999999,13,2010-11-04 18:40:00,2011-02-03 11:39:00
21201,TROPICAL  HONEYCOMB PAPER GARLAND,2.55,2757,6560.47,235,2009-12-01 14:55:00,2011-12-09 10:03:00
15060B,FAIRY CAKE DESIGN UMBRELLA,3.75,1438,6558.58,449,2009-12-03 13:32:00,2011-11-18 14:14:00
22332,SKULLS PARTY BAG + STICKER SET,1.65,4178,6553.549999999999,381,2009-12-03 12:28:00,2011-12-05 09:03:00
22364,GLASS JAR DIGESTIVE BISCUITS,2.95,2067,6548.8,340,2010-03-15 17:29:00,2011-12-08 19:28:00
22578,WOODEN STAR CHRISTMAS SCANDINAVIAN,0.83,13429,6534.73,768,2010-07-18 11:31:00,2011-12-09 10:03:00
21500,PINK POLKADOT WRAP,0.42,16150,6521.0,492,2009-12-01 11:51:00,2011-12-05 09:03:00
21239,PINK  POLKADOT CUP,0.85,7457,6520.64,751,2009-12-01 11:45:00,2011-12-09 10:26:00
22596,CHRISTMAS STAR WISH LIST CHALKBOARD,1.25,6371,6515.599999999999,438,2010-07-16 15:26:00,2011-12-09 10:51:00
22065,CHRISTMAS PUDDING TRINKET POT,1.45,8786,6504.24,456,2009-12-01 09:28:00,2011-12-09 10:03:00
22148,EASTER CRAFT 4 CHICKS,1.95,3247,6499.79,299,2009-12-02 11:24:00,2011-12-04 11:50:00
23311,VINTAGE CHRISTMAS STOCKING,2.55,2390,6488.2,344,2011-07-14 13:28:00,2011-12-09 10:26:00
47559B,TEA TIME OVEN GLOVE,1.25,5232,6469.29,701,2009-12-08 11:22:00,2011-12-09 10:03:00
23553,LANDMARK FRAME CAMDEN TOWN,12.5,569,6457.15,68,2011-10-20 10:04:00,2011-12-08 18:43:00
23188,VINTAGE  2 METER FOLDING RULER,1.65,3473,6451.07,333,2011-06-14 09:43:00,2011-12-09 10:03:00
22783,SET 3 WICKER OVAL BASKETS W LIDS,19.95,489,6443.95,45,2010-10-26 08:11:00,2011-06-14 11:28:00
23571,TRADITIONAL NAUGHTS & CROSSES,1.65,2859,6436.61,257,2011-10-21 14:23:00,2011-12-09 10:03:00
23134,LARGE ZINC HEART WALL ORGANISER,8.25,1065,6431.110000000001,38,2011-04-20 13:18:00,2011-09-18 14:56:00
22063,CERAMIC BOWL WITH STRAWBERRY DESIGN,2.95,2327,6426.860000000001,356,2009-12-01 10:49:00,2011-12-08 10:39:00
22848,BREAD BIN DINER STYLE PINK,16.95,399,6409.7,151,2010-10-14 17:59:00,2011-10-30 13:51:00
22906,12 MESSAGE CARDS WITH ENVELOPES,1.65,3469,6405.54,445,2010-09-19 13:05:00,2011-12-09 12:20:00
22979,PANTRY WASHING UP BRUSH,1.45,4097,6401.969999999999,381,2011-03-02 08:26:00,2011-12-09 10:03:00
22582,PACK OF 6 SWEETIE GIFT BOXES,2.55,2544,6390.91,295,2010-03-10 12:51:00,2011-12-08 11:43:00
84520B,PACK 20 ENGLISH ROSE PAPER NAPKINS,0.85,7465,6389.42,722,2009-12-01 11:51:00,2011-03-03 16:22:00
23307,SET OF 60 PANTRY DESIGN CAKE CASES,0.55,12063,6379.59,629,2011-06-03 12:07:00,2011-12-09 10:03:00
22460,EMBOSSED GLASS TEALIGHT HOLDER,1.25,4834,6372.7,376,2010-03-08 12:40:00,2011-12-09 12:31:00
23172,REGENCY TEA PLATE PINK,1.65,3871,6360.909999999999,305,2011-05-10 10:34:00,2011-12-09 10:26:00
22185,SLATE TILE NATURAL HANGING,1.65,3968,6338.03,462,2009-12-01 12:13:00,2011-12-09 11:26:00
22435,SET OF 9 HEART SHAPED BALLOONS,1.25,5029,6330.24,537,2010-04-08 11:16:00,2011-12-07 13:38:00
22830,UTILTY CABINET WITH HOOKS,26.95,309,6324.05,18,2010-10-22 12:26:00,2011-01-16 13:25:00
84884A,ANT WHITE WIRE HEART SPIRAL,3.95,1722,6312.62,312,2009-12-01 11:37:00,2011-12-06 16:26:00
22278,OVERNIGHT BAG VINTAGE ROSE PAISLEY,4.95,1066,6292.01,383,2009-12-02 11:31:00,2011-12-09 10:26:00
22196,SMALL HEART MEASURING SPOONS,0.85,6734,6288.049999999999,981,2009-12-01 12:30:00,2011-12-09 10:26:00
22855,FINE WICKER HEART,1.25,5020,6274.05,427,2010-09-15 12:48:00,2011-08-30 16:43:00
21730,GLASS STAR FROSTED T-LIGHT HOLDER,4.95,1278,6273.4400000000005,293,2009-12-01 12:13:00,2011-12-07 16:56:00
72802C,VANILLA SCENT CANDLE JEWELLED BOX,4.25,2228,6251.44,269,2009-12-01 14:28:00,2011-11-04 14:07:00
21584,RETROSPOT SMALL TUBE MATCHES,1.65,3876,6246.599999999999,352,2009-12-01 11:34:00,2011-12-07 12:21:00
20751,FUNKY WASHING UP GLOVES ASSORTED,2.1,2941,6241.68,471,2009-12-01 10:52:00,2011-12-04 12:32:00
21714,CITRONELLA CANDLE GARDEN POT,1.25,4324,6236.16,522,2009-12-07 12:08:00,2011-12-09 10:23:00
84832,ZINC WILLIE WINKIE  CANDLE STICK,0.85,6888,6233.23,630,2009-12-01 11:50:00,2011-12-09 12:31:00
85178,VICTORIAN SEWING KIT,1.25,5628,6218.32,313,2009-12-01 09:46:00,2011-12-09 10:03:00
21078,SET/20 STRAWBERRY PAPER NAPKINS,0.85,7242,6213.389999999999,741,2009-12-02 11:34:00,2011-10-13 14:33:00
22222,CAKE PLATE LOVEBIRD WHITE,4.95,1499,6210.34,403,2009-12-01 11:45:00,2011-12-08 16:30:00
22826,LOVE SEAT ANTIQUE WHITE METAL,85.0,58,6210.0,41,2010-12-10 15:45:00,2011-11-23 12:13:00
21499,BLUE POLKADOT WRAP,0.42,15452,6207.84,460,2009-12-01 13:41:00,2011-12-08 12:29:00
21586,KINGS CHOICE GIANT TUBE MATCHES,2.55,2664,6203.7,238,2009-12-01 09:46:00,2011-11-07 11:16:00
22772,PINK DRAWER KNOB ACRYLIC EDWARDIAN,1.25,4580,6192.61,314,2010-10-17 11:23:00,2011-12-08 09:28:00
21591,COSY HOUR CIGAR BOX MATCHES,1.25,4124,6185.58,365,2009-12-01 11:57:00,2011-12-09 11:34:00
22167,OVAL WALL MIRROR DIAMANTE,9.95,697,6154.3099999999995,303,2009-12-01 17:19:00,2011-12-09 10:03:00
23192,BUNDLE OF 3 ALPHABET EXERCISE BOOKS,1.65,3533,6142.289999999999,345,2011-05-10 09:58:00,2011-12-08 12:07:00
22331,WOODLAND PARTY BAG + STICKER SET,1.65,3732,6135.5,437,2009-12-02 12:32:00,2011-12-09 11:59:00
22737,RIBBON REEL CHRISTMAS PRESENT,1.65,3412,6131.72,493,2010-09-16 12:20:00,2011-12-08 11:25:00
21667,GLASS CAKE COVER AND PLATE,16.95,354,6126.25,163,2009-12-03 16:12:00,2011-01-12 12:31:00
22841,ROUND CAKE TIN VINTAGE GREEN,7.95,784,6114.280000000001,306,2010-10-13 16:17:00,2011-12-08 12:07:00
23118,PARISIENNE JEWELLERY DRAWER,7.5,813,6102.18,258,2011-05-10 15:05:00,2011-12-09 10:03:00
22361,GLASS JAR DAISY FRESH COTTON WOOL,2.95,1857,6089.42,496,2010-03-15 17:29:00,2011-12-09 10:03:00
21918,SET 12 KIDS COLOUR  CHALK STICKS,0.42,14747,6084.24,788,2009-12-01 12:13:00,2011-12-09 12:16:00
22491,PACK OF 12 COLOURED PENCILS,0.85,7554,6067.87,390,2010-05-06 10:28:00,2011-12-09 09:38:00
85038,6 CHOCOLATE LOVE HEART T-LIGHTS,2.1,2905,6057.64,382,2009-12-01 12:57:00,2011-12-09 12:25:00
21832,CHOCOLATE CALCULATOR,1.65,3439,6034.19,459,2009-12-01 11:45:00,2011-12-09 10:03:00
22045,SPACEBOY GIFT WRAP,0.42,14667,6034.14,473,2009-12-04 08:40:00,2011-12-08 12:29:00
23526,WALL ART DOG LICENCE,5.95,1012,6021.4,143,2011-10-03 11:01:00,2011-12-09 10:03:00
21407,BROWN CHECK CAT DOORSTOP,4.25,1317,6014.84,453,2009-12-01 12:14:00,2011-11-22 11:18:00
23296,SET OF 6 TEA TIME BAKING CASES,1.25,4981,5988.05,378,2011-07-12 15:56:00,2011-12-08 19:57:00
21452,TOADSTOOL MONEY BOX,2.95,1952,5984.360000000001,408,2010-03-18 13:10:00,2011-12-08 16:30:00
23312,VINTAGE CHRISTMAS GIFT SACK,4.15,1424,5968.3,214,2011-07-17 13:25:00,2011-12-09 10:26:00
22964,3 PIECE SPACEBOY COOKIE CUTTER SET,2.1,2853,5966.250000000001,408,2010-11-21 13:46:00,2011-12-09 10:03:00
84509A,SET OF 4 ENGLISH ROSE PLACEMATS,3.75,1535,5962.14,404,2009-12-01 13:29:00,2011-12-08 16:30:00
23052,RECYCLED ACAPULCO MAT TURQUOISE,8.25,654,5949.34,278,2011-03-04 13:58:00,2011-12-09 10:03:00
22899,CHILDREN'S APRON DOLLY GIRL,2.1,2841,5939.990000000001,421,2010-09-26 12:51:00,2011-12-09 12:50:00
21313,GLASS HEART T-LIGHT HOLDER,0.85,6889,5926.549999999999,415,2009-12-01 13:29:00,2011-12-09 12:00:00
22660,DOORMAT I LOVE LONDON,7.95,891,5924.93,194,2010-06-28 13:53:00,2011-12-07 12:48:00
22441,GROW YOUR OWN BASIL IN ENAMEL MUG,2.1,2726,5910.21,472,2010-03-23 11:13:00,2011-12-09 10:03:00
22951,60 CAKE CASES DOLLY GIRL DESIGN,0.55,11232,5909.85,634,2010-09-19 12:15:00,2011-12-09 10:03:00
23154,SET OF 4 JAM JAR MAGNETS,2.08,2732,5907.360000000001,235,2011-03-25 11:01:00,2011-12-07 15:16:00
48197,DOOR MAT BIRD ON THE WIRE,7.49,898,5905.64,225,2009-12-01 13:29:00,2010-07-28 15:14:00
22241,GARLAND WOODEN HAPPY EASTER,1.25,4379,5899.92,474,2009-12-01 09:57:00,2011-11-23 10:39:00
22200,FRYING PAN PINK POLKADOT,4.25,1317,5882.61,357,2009-12-01 14:56:00,2011-12-09 11:20:00
85132C,CHARLIE AND LOLA FIGURES TINS,5.79,2069,5881.19,302,2009-12-01 09:24:00,2011-09-02 09:38:00
23113,PANTRY CHOPPING BOARD,4.95,1154,5868.5,57,2011-09-16 10:02:00,2011-12-08 09:28:00
22971,QUEENS GUARD COFFEE MUG,2.55,2431,5849.29,272,2010-12-16 10:52:00,2011-12-08 12:30:00
21988,PACK OF 6 SKULL PAPER PLATES,0.85,7855,5848.679999999999,416,2009-12-06 13:07:00,2011-12-06 14:23:00
23485,BOTANICAL GARDENS WALL CLOCK,25.0,262,5843.92,83,2011-10-20 14:51:00,2011-12-08 17:37:00
21577,SAVE THE PLANET COTTON TOTE BAG,2.25,2593,5827.87,464,2009-12-01 12:13:00,2011-12-08 16:30:00
22119,PEACE WOODEN BLOCK LETTERS,6.95,938,5825.77,340,2009-12-01 09:06:00,2011-12-09 08:39:00
37495,FAIRY CAKE BIRTHDAY CANDLE SET,3.75,1581,5811.35,330,2009-12-04 09:43:00,2011-12-08 13:25:00
22115,METAL SIGN EMPIRE TEA,2.95,2913,5786.620000000001,500,2009-12-01 11:45:00,2011-12-08 15:31:00
